player,age,pos,team,years_left,salary_m,proj_vorp,surplus
Victor Wembanyama,22,C,SAS,6,16.9,5.59,30.1
LeBron James,41,SF,LAL,2,3.9,3.09,26.1
Amen Thompson,23,PG,HOU,6,12.3,3.68,21.7
Payton Pritchard,28,PG,BOS,2,7.8,2.97,21.4
Shai Gilgeous-Alexander,27,PG,OKC,5,40.8,7.83,21.3
Neemias Queta,26,C,BOS,5,2.7,2.13,20.8
Kon Knueppel,20,SF,CHO,3,10.5,3.11,19.6
Cam Spencer,25,SG,MEM,3,2.4,1.79,18.8
Nikola Vučević,35,C,2TM,1,2.4,1.77,18.6
Deni Avdija,25,SF,POR,2,13.1,3.22,17.7
Donovan Clingan,21,C,POR,2,7.5,2.35,17.5
Moussa Diabaté,24,C,CHO,1,2.5,1.47,16.6
Ryan Kalkbrenner,24,C,CHO,3,2.4,1.43,16.3
Collin Gillespie,26,PG,PHO,4,10.7,2.61,16
Ajay Mitchell,23,SG,OKC,2,2.9,1.3,15
Kel'el Ware,21,C,MIA,2,4.7,1.57,15
Dru Smith,28,SG,MIA,2,2.6,1.22,14.7
Jay Huff,27,C,IND,2,2.7,1.22,14.6
DeMar DeRozan,36,PF,SAC,1,2.4,1.16,14.5
Craig Porter Jr.,25,PG,CLE,1,2.4,1.13,14.3
Paul Reed,26,C,DET,1,5.6,1.59,14.2
Luka Garza,27,C,BOS,1,2.8,1.17,14.1
Gary Payton II,33,SG,GSW,1,2.4,1.1,14
Bones Hyland,25,PG,MIN,1,2.8,1.13,13.8
Reed Sheppard,21,SG,HOU,2,11.1,2.34,13.8
Ryan Rollins,23,PG,MIL,2,4,1.28,13.7
Ausar Thompson,23,SF,DET,1,11.1,2.33,13.7
Javonte Green,32,SG,DET,1,3.9,1.14,12.8
Brandon Williams,26,PG,DAL,1,2.4,0.91,12.8
Jordan Goodwin,27,PG,PHO,3,5.9,1.41,12.7
Cason Wallace,22,SG,OKC,1,7.4,1.64,12.7
Brandin Podziemski,22,SG,GSW,1,5.7,1.36,12.6
Saddiq Bey,26,SF,NOP,1,6.4,1.43,12.3
Nikola Jokić,30,C,DEN,2,59,9.18,12.2
Baylor Scheierman,25,SG,BOS,2,2.7,0.88,12.2
Luke Kornet,30,C,SAS,3,10.4,2.01,12.2
Jaylin Williams,23,PF,OKC,2,7.8,1.61,12.2
Marvin Bagley III,26,PF,2TM,1,2.4,0.81,12.1
Oso Ighodaro,23,PF,PHO,2,2.3,0.76,11.9
Jaylon Tyson,23,SG,CLE,2,3.7,0.85,11.1
Tre Jones,26,PG,CHI,2,8,1.48,11.1
Josh Minott,23,PF,2TM,2,4.5,0.95,10.9
Kevin Porter Jr.,25,PG,MIL,1,5.4,1.07,10.9
Kyle Anderson,32,SF,3TM,1,2.4,0.59,10.6
Jordan Walsh,21,PF,BOS,4,2.4,0.55,10.4
Sandro Mamukelashvili,26,C,TOR,4,13,2.11,10.3
John Konchar,29,SG,2TM,3,4.5,0.85,10.3
Miles McBride,25,SG,NYK,1,4,0.77,10.3
Jaime Jaquez Jr.,24,SF,MIA,1,5.9,1.04,10.1
Justin Champagnie,24,SF,WAS,2,2.7,0.55,10.1
Karlo Matković,24,PF,NOP,1,2.3,0.49,10
Simone Fontecchio,30,SF,MIA,1,2.4,0.48,9.8
Luke Kennard,29,SG,2TM,2,6.1,0.99,9.7
Thomas Bryant,28,C,CLE,1,2.4,0.42,9.4
Mike Conley,38,PG,MIN,1,2.4,0.41,9.4
Donte DiVincenzo,29,SG,MIN,1,12.5,1.9,9.4
Goga Bitadze,26,C,ORL,1,7.6,1.16,9.3
Micah Potter,27,C,IND,1,2.8,0.42,9.1
Kris Dunn,31,PG,LAC,1,5.7,0.85,9.1
Jaxson Hayes,25,C,LAL,2,6,0.87,9
Kyle Filipowski,22,C,UTA,2,3,0.42,8.9
Collin Murray-Boyles,20,PF,TOR,3,6.6,0.95,8.8
Andre Drummond,32,C,PHI,1,2.4,0.3,8.6
Isaiah Joe,26,SG,OKC,2,11.3,1.6,8.6
Pelle Larsson,24,SG,MIA,1,2.3,0.27,8.5
Vít Krejčí,25,PG,2TM,2,2.7,0.32,8.5
Keyonte George,22,PG,UTA,1,6.6,0.85,8.3
Cooper Flagg,19,SF,DAL,3,14.5,2.02,8.2
Mouhamed Gueye,23,PF,ATL,1,2.4,0.24,8.2
Olivier-Maxence Prosper,23,PF,MEM,2,3.5,0.39,8.2
Ja'Kobe Walter,21,SG,TOR,2,3.8,0.43,8.2
Tristan Da Silva,24,SF,ORL,2,4,0.46,8.2
Tyler Kolek,24,PG,NYK,2,2.3,0.21,8.2
Jordan Miller,26,SF,LAC,3,5.3,0.64,8.1
Daniss Jenkins,24,PG,DET,1,4,0.45,8.1
Jamaree Bouyea,26,PG,PHO,1,2.6,0.24,8
Stephon Castle,21,PG,SAS,2,10,1.33,8
Dominick Barlow,22,PF,PHI,1,3.4,0.35,8
Cedric Coward,22,SG,MEM,3,6,0.73,8
Al Horford,39,C,GSW,2,6.8,0.85,8
Royce O'Neale,32,SF,PHO,2,10.9,1.44,7.9
Mark Williams,24,C,PHO,3,11.7,1.56,7.8
Derik Queen,21,C,NOP,3,5.4,0.62,7.8
Kasparas Jakučionis,19,PG,MIA,3,3.8,0.38,7.8
Jevon Carter,30,PG,2TM,1,2.4,0.17,7.8
Tyus Jones,29,PG,3TM,1,2.4,0.17,7.7
Harrison Barnes,33,PF,SAS,1,8,0.97,7.6
Will Richard,23,SG,GSW,3,2.2,0.1,7.6
Noah Penda,21,SF,ORL,3,2.2,0.1,7.5
Anfernee Simons,26,SG,2TM,2,6,0.66,7.5
Nickeil Alexander-Walker,27,SG,ATL,3,14.4,1.89,7.5
Kenrich Williams,31,PF,OKC,1,5,0.5,7.4
Leonard Miller,22,SF,2TM,1,2.4,0.12,7.4
Gui Santos,23,PF,GSW,3,4.6,0.44,7.4
GG Jackson II,21,PF,MEM,1,2.4,0.1,7.3
Dalen Terry,23,SG,2TM,1,1.4,-0.07,7.2
Mohamed Diawara,20,SF,NYK,4,2.2,0.05,7.1
Hugo González,19,SF,BOS,3,2.9,0.14,7
Sam Hauser,28,PF,BOS,3,10.8,1.3,7
Ryan Dunn,23,SF,PHO,2,2.8,0.09,6.9
Ziaire Williams,24,SF,BRK,1,2.4,0.04,6.9
Jake LaRavia,24,PF,LAL,1,6,0.55,6.8
Justin Edwards,22,SF,PHI,2,2.4,0.01,6.7
Jose Alvarado,27,PG,2TM,3,4.5,0.31,6.7
Sion James,23,SG,CHO,3,2.4,0,6.6
Nicolas Batum,37,PF,LAC,1,5.9,0.48,6.4
Landry Shamet,28,SG,NYK,4,5.4,0.39,6.3
Nae'Qwan Tomlin,25,PF,CLE,1,2.4,-0.04,6.3
Jamison Battle,24,SF,TOR,1,2.3,-0.06,6.3
Trendon Watford,25,PF,PHI,1,2.4,-0.05,6.3
Jabari Walker,23,PF,PHI,1,2.6,-0.04,6.1
Tyrese Proctor,21,PG,CLE,3,2.2,-0.11,6.1
Matas Buzelis,21,PF,CHI,2,5.7,0.41,6.1
Julian Champagnie,24,SF,SAS,3,13.9,1.61,6.1
Robert Williams,28,C,POR,3,14,1.62,6.1
Asa Newell,20,PF,ATL,3,3.4,0.06,6.1
Moussa Cisse,23,C,DAL,2,2.2,-0.12,6
Collin Sexton,27,SG,2TM,2,9.4,0.94,6
Tim Hardaway Jr.,33,SG,DEN,1,6.5,0.51,6
Keon Ellis,26,SG,2TM,2,8.8,0.84,5.9
Pete Nance,25,PF,MIL,2,2.5,-0.08,5.9
Jaylen Clark,24,SG,MIN,3,3.1,-0.01,5.9
Drew Eubanks,28,C,SAC,1,2.4,-0.11,5.8
Kyshawn George,22,SF,WAS,2,3.1,-0.03,5.7
Josh Okogie,27,SG,HOU,2,6,0.4,5.7
Day'Ron Sharpe,24,C,BRK,2,10,0.97,5.6
Maxime Raynaud,22,C,SAC,2,2.2,-0.2,5.5
Brandon Miller,23,SF,CHO,1,15.1,1.69,5.4
Jase Richardson,20,SG,ORL,3,3.1,-0.07,5.4
Ochai Agbaji,25,SG,2TM,1,2.4,-0.19,5.3
Anthony Gill,33,PF,WAS,1,2.4,-0.2,5.2
Yves Missi,21,C,NOP,2,3.5,-0.04,5.2
Dylan Harper,19,SG,SAS,3,13,1.35,5.2
Clint Capela,31,C,HOU,2,7,0.47,5.2
Svi Mykhailiuk,28,SF,UTA,2,3.9,-0.01,5.1
Mitchell Robinson,27,C,NYK,3,15,1.64,5.1
Dean Wade,29,PF,CLE,4,9,0.74,5.1
Johnny Furphy,21,SG,IND,2,2.3,-0.25,5.1
Danny Wolf,21,PF,BRK,3,2.9,-0.15,5.1
Josh Hart,30,SF,NYK,2,20.9,2.5,5.1
Terrence Shannon Jr.,25,SG,MIN,2,2.8,-0.18,5
Sam Merrill,29,SG,CLE,3,9.2,0.75,5
Adem Bona,22,C,PHI,2,2.3,-0.27,4.9
Bryce McGowens,23,SG,NOP,2,2.6,-0.23,4.9
Taurean Prince,31,SF,MIL,1,3.8,-0.05,4.9
Rasheer Fleming,21,PF,PHO,3,2.2,-0.31,4.8
Cole Anthony,25,PG,MIL,2,3.7,-0.08,4.8
T.J. McConnell,33,PG,IND,3,11,1,4.8
Deandre Ayton,27,C,LAL,1,8.1,0.56,4.7
Naji Marshall,28,SF,DAL,4,9.4,0.75,4.7
Precious Achiuwa,26,C,SAC,2,5.5,0.15,4.6
Gary Harris,31,SG,MIL,1,3.8,-0.09,4.6
Jamal Shead,23,PG,TOR,1,2.3,-0.32,4.6
Brook Lopez,37,C,LAC,1,9.2,0.7,4.6
Jared McCain,21,SG,2TM,2,4.4,-0.01,4.6
Bruce Brown,29,SG,DEN,1,2.4,-0.3,4.6
Jalen Johnson,24,SF,ATL,4,30,3.77,4.6
Jordan Clarkson,33,SG,NYK,1,2.4,-0.31,4.5
Kobe Sanders,23,SG,LAC,4,2.6,-0.31,4.3
Kris Murray,25,SF,POR,1,5.3,0.06,4.1
VJ Edgecombe,20,SG,PHI,3,11.7,1,4.1
Onyeka Okongwu,25,C,ATL,2,16.1,1.66,4.1
Dalton Knecht,24,SF,LAL,2,4.2,-0.1,4.1
Jaylen Wells,22,SG,MEM,2,2.3,-0.4,4
Aaron Wiggins,27,SG,OKC,3,9.2,0.6,3.9
Jericho Sims,27,C,MIL,1,2.8,-0.36,3.8
James Harden,36,PG,2TM,3,30.6,3.72,3.6
Jonathan Kuminga,23,PF,2TM,2,6.1,0.09,3.6
Kevin Huerter,27,SF,2TM,3,8.3,0.4,3.4
Isaiah Jackson,24,C,2TM,2,7,0.2,3.4
Daeqwon Plowden,27,SG,SAC,2,2.4,-0.49,3.3
Brice Sensabaugh,22,SF,UTA,1,4.9,-0.14,3.2
Jusuf Nurkić,31,C,UTA,2,10.6,0.69,3.1
Isaiah Collier,21,PG,UTA,2,2.8,-0.48,3
Tobias Harris,33,PF,DET,2,15,1.33,3
Quinten Post,25,PF,GSW,3,8.3,0.32,2.9
Nick Richards,28,C,2TM,1,2.4,-0.54,2.9
Jalen Smith,25,C,CHI,1,9.4,0.46,2.7
De'Anthony Melton,27,PG,GSW,2,5.5,-0.13,2.7
Egor Dëmin,19,PG,BRK,3,7.2,0.13,2.7
Ryan Nembhard,22,PG,DAL,1,2.2,-0.62,2.6
Julian Strawther,23,SG,DEN,1,4.8,-0.23,2.6
Marcus Smart,31,SG,LAL,2,6.1,-0.05,2.6
Derrick White,31,SG,BOS,3,30.3,3.52,2.5
Carter Bryant,20,PF,SAS,3,5.1,-0.21,2.5
Anthony Black,22,PG,ORL,1,10.1,0.52,2.5
Ben Sheppard,24,SG,IND,1,5,-0.27,2.1
Derrick Jones Jr.,28,SF,LAC,1,10.5,0.49,1.9
Kelly Oubre Jr.,30,SF,PHI,2,8.1,0.13,1.9
Micah Peavy,24,SG,NOP,3,2.2,-0.74,1.8
Max Christie,22,SG,DAL,2,8.3,0.15,1.7
Luka Dončić,26,PG,LAL,3,49.8,6.26,1.7
Spencer Jones,24,SF,DEN,2,6,-0.21,1.6
Sidy Cissoko,21,SF,POR,1,2.5,-0.74,1.5
Duncan Robinson,31,SG,DET,2,16,1.21,1.2
Moses Moody,23,SG,GSW,2,12.5,0.66,1
Buddy Hield,33,SG,2TM,2,9.7,0.21,0.8
Santi Aldama,25,PF,MEM,2,17,1.27,0.6
Devin Carter,23,PG,SAC,1,7.6,-0.12,0.6
Zeke Nnaji,25,PF,DEN,2,7.5,-0.15,0.5
Ousmane Dieng,22,C,2TM,3,5.8,-0.41,0.5
Taylor Hendricks,22,PF,2TM,1,7.8,-0.12,0.4
Bobby Portis,30,PF,MIL,2,14.5,0.84,0.2
Tidjane Salaün,20,PF,CHO,2,8.2,-0.09,0.2
Jarace Walker,22,PF,IND,1,8.5,-0.07,0.1
Jock Landale,30,C,2TM,1,14.1,0.75,-0
Alex Sarr,20,C,WAS,2,12.4,0.48,-0.1
Jonathan Isaac,28,PF,ORL,1,10.4,0.18,-0.2
Grayson Allen,30,SG,PHO,2,18.1,1.3,-0.3
Miles Bridges,27,PF,CHO,1,22.8,1.97,-0.4
Khris Middleton,34,SF,2TM,3,5.6,-0.57,-0.4
Bennedict Mathurin,23,SF,2TM,2,7.8,-0.26,-0.5
Ron Holland,20,SF,DET,2,9.1,-0.08,-0.6
Tari Eason,24,PF,HOU,5,14.1,0.64,-0.7
Walter Clayton,22,PG,2TM,3,4.2,-0.82,-0.8
Alperen Şengün,23,C,HOU,4,35.6,3.81,-0.8
Gradey Dick,22,SG,TOR,1,7.1,-0.4,-0.8
Tyrese Maxey,25,PG,PHI,3,40.8,4.55,-0.9
Keldon Johnson,26,SF,SAS,1,17.5,1.11,-0.9
Noah Clowney,21,PF,BRK,1,5.4,-0.68,-1
Daniel Gafford,27,C,DAL,3,17.3,1.06,-1.1
Davion Mitchell,27,PG,MIA,1,12.4,0.34,-1.1
Isaiah Stewart,24,C,DET,2,15,0.72,-1.1
Jaden Hardy,23,SG,2TM,2,6,-0.63,-1.3
Jeremiah Fears,19,PG,NOP,3,7.9,-0.38,-1.4
Dyson Daniels,22,SG,ATL,4,25,2.15,-1.4
Grant Williams,27,PF,CHO,1,14.3,0.54,-1.5
Trey Murphy III,25,SF,NOP,3,27,2.42,-1.6
Quentin Grimes,25,SG,PHI,4,14,0.49,-1.6
Will Riley,19,SF,WAS,3,3.7,-1.04,-1.7
Josh Giddey,23,PG,CHI,3,25,2.11,-1.7
Bilal Coulibaly,21,SG,WAS,1,9.2,-0.22,-1.7
Caleb Martin,30,SF,DAL,2,10,-0.11,-1.7
Caris LeVert,31,SG,DET,1,14.8,0.59,-1.8
Steven Adams,32,C,HOU,2,13,0.32,-1.8
Norman Powell,32,SG,MIA,2,21.5,1.56,-1.9
Ayo Dosunmu,26,SG,2TM,5,19.3,1.19,-2.2
John Collins,28,PF,LAC,3,17,0.84,-2.3
Jarred Vanderbilt,26,PF,LAL,2,12.4,0.16,-2.3
Tre Mann,24,PG,CHO,2,8,-0.49,-2.3
Ben Saraf,19,SG,BRK,3,3,-1.23,-2.4
Isaiah Hartenstein,27,C,OKC,3,23.1,1.7,-2.6
Jordan Hawkins,23,SG,NOP,1,7,-0.68,-2.6
Alex Caruso,31,SG,OKC,3,19.6,1.15,-2.7
Jakob Poeltl,30,C,TOR,4,19.5,1.09,-3.1
Toumani Camara,25,PF,POR,4,18.1,0.84,-3.3
Naz Reid,26,C,MIN,4,23.3,1.57,-3.6
Drake Powell,20,SG,BRK,3,3.5,-1.34,-3.6
Nique Clifford,23,SG,SAC,3,3.3,-1.39,-3.6
Aaron Nesmith,26,SF,IND,3,11,-0.26,-3.7
Ivica Zubac,28,C,2TM,2,20.3,1.1,-3.9
Wendell Carter Jr.,26,C,ORL,3,18.1,0.74,-4
Kristaps Porziņģis,30,C,2TM,2,19.5,0.95,-4
Kevin Durant,37,SF,HOU,2,43.9,4.49,-4.4
Rui Hachimura,27,PF,LAL,2,14,0.08,-4.4
Scoot Henderson,21,PG,POR,1,13.6,-0.04,-4.8
Nic Claxton,26,C,BRK,2,23.1,1.35,-4.9
Dorian Finney-Smith,32,PF,HOU,3,13.3,-0.11,-5
Nolan Traoré,19,PG,BRK,3,4,-1.52,-5.3
A.J. Green,26,SG,MIL,4,10,-0.63,-5.3
Jarrett Allen,27,C,CLE,3,28,1.98,-5.5
Jalen Brunson,29,PG,NYK,3,37.7,3.39,-5.8
Scottie Barnes,24,PF,TOR,4,41.8,3.97,-5.8
Corey Kispert,26,SF,2TM,3,14,-0.14,-5.9
Josh Green,25,SG,CHO,1,14.7,-0.04,-5.9
Rob Dillingham,21,PG,2TM,2,6.9,-1.19,-5.9
CJ McCollum,34,PG,2TM,1,21,0.84,-6.3
Bub Carrington,20,PG,WAS,2,4.9,-1.54,-6.3
Dennis Schröder,32,PG,2TM,2,14.8,-0.09,-6.4
Isaac Okoro,25,SG,CHI,1,11.8,-0.53,-6.4
Immanuel Quickley,26,PG,TOR,3,32.5,2.48,-6.7
Mikal Bridges,29,SF,NYK,4,33.5,2.62,-6.7
Zaccharie Risacher,20,SF,ATL,2,13.8,-0.3,-6.8
Tre Johnson,19,SG,WAS,3,8.6,-1.1,-7.1
Cameron Johnson,29,SF,DEN,1,23.1,1,-7.3
Luguentz Dort,26,SF,OKC,1,18.2,0.28,-7.3
Nikola Jović,22,PF,MIA,4,16.2,-0.06,-7.6
Cody Williams,21,SG,UTA,2,6,-1.58,-7.7
Andrew Nembhard,26,PG,IND,2,19.6,0.37,-8
Kawhi Leonard,34,SF,LAC,1,50.3,4.89,-8.2
Jabari Smith Jr.,22,PF,HOU,5,23.6,0.89,-8.6
Ace Bailey,19,SF,UTA,3,9.5,-1.21,-8.7
Julius Randle,31,PF,MIN,2,33.3,2.29,-8.8
Terance Mann,29,SG,BRK,2,15.5,-0.35,-8.9
Herbert Jones,27,SF,NOP,4,14.9,-0.47,-9
P.J. Washington,27,PF,DAL,4,19.8,0.26,-9
Malik Monk,27,SG,SAC,2,20.2,0.3,-9.1
Christian Braun,24,SG,DEN,5,21.6,0.49,-9.2
Shaedon Sharpe,22,SG,POR,4,20.1,0.24,-9.5
LaMelo Ball,24,PG,CHO,3,40.8,3.28,-9.5
Peyton Watson,23,SF,DEN,4,20.5,0.26,-9.7
Andrew Wiggins,30,SF,MIA,3,30.2,1.64,-10
Jaden McDaniels,25,PF,MIN,3,26.2,1.05,-10.1
Devin Vassell,25,SG,SAS,3,27,1.1,-10.5
Dillon Brooks,30,SF,PHO,4,20,-0.01,-11
Kentavious Caldwell-Pope,32,SG,MEM,1,20.2,-0.01,-11.3
Gary Trent Jr.,27,SG,MIL,4,15.2,-0.77,-11.4
Chet Holmgren,23,PF,OKC,5,41.5,3.03,-11.9
Coby White,25,SG,2TM,3,22.8,0.27,-12
Jalen Suggs,24,PG,ORL,4,32.4,1.65,-12.2
Klay Thompson,35,SF,DAL,2,23.1,0.27,-12.2
Desmond Bane,27,SG,ORL,3,39.4,2.65,-12.5
Cade Cunningham,24,PG,DET,4,50.1,4.22,-12.5
Myles Turner,29,C,MIL,3,26.6,0.71,-12.8
RJ Barrett,25,SF,TOR,1,29.6,1.01,-13.7
Donovan Mitchell,29,SG,CLE,5,50.1,4.02,-13.8
Rudy Gobert,33,C,MIN,2,36.5,1.95,-14.2
Kyle Kuzma,30,PF,MIL,1,20.3,-0.45,-14.4
Patrick Williams,24,PF,CHI,3,18,-0.86,-14.8
Draymond Green,35,PF,GSW,1,27.7,0.52,-15.1
Keegan Murray,25,PF,SAC,5,24.1,-0.06,-15.5
Zion Williamson,25,PF,NOP,2,42.2,2.55,-15.9
Tyler Herro,26,SG,MIA,1,33,1.18,-15.9
Anthony Edwards,24,SG,MIN,3,48.9,3.5,-16.2
Jrue Holiday,35,PG,POR,2,34.8,1.41,-16.2
Paolo Banchero,23,PF,ORL,5,41.5,2.39,-16.2
Jamal Murray,28,PG,DEN,3,50.1,3.59,-16.7
De'Andre Hunter,28,SF,2TM,1,24.9,-0.14,-16.9
Aaron Gordon,30,PF,DEN,3,33.7,0.9,-18.5
Austin Reaves,27,SG,LAL,4,41.2,2.02,-18.5
OG Anunoby,28,PF,NYK,3,42.5,2.05,-19.6
Brandon Ingram,28,SF,TOR,2,40,1.62,-20
Michael Porter Jr.,27,SF,BRK,1,40.8,1.7,-20.3
Jerami Grant,31,PF,POR,2,34.2,0.7,-20.4
Evan Mobley,24,PF,CLE,4,50.1,2.85,-21.7
Franz Wagner,24,SF,ORL,4,41.8,1.23,-24.4
Bam Adebayo,28,C,MIA,3,49.8,2.4,-24.5
Jalen Williams,24,SG,OKC,5,41.5,1.18,-24.5
Jalen Green,23,SG,PHO,2,36.3,0.36,-24.8
Jordan Poole,26,PG,NOP,1,34,0.03,-24.8
Darius Garland,26,PG,2TM,2,42.2,1.02,-26.2
De'Aaron Fox,28,PG,SAS,4,49.8,2.12,-26.4
Karl-Anthony Towns,30,C,NYK,2,57.1,3.17,-26.5
Lauri Markkanen,28,PF,UTA,3,46.1,1.42,-27.5
Giannis Antetokounmpo,31,PF,MIL,2,58.5,3.04,-28.8
Jaylen Brown,29,SF,BOS,3,57.1,2.82,-28.9
Pascal Siakam,31,PF,IND,2,48.9,1.56,-29.3
Ja Morant,26,PG,MEM,2,42.2,0.34,-30.9
Domantas Sabonis,29,C,SAC,2,45.5,0.76,-31.3
Jimmy Butler,36,SF,GSW,1,56.8,2.19,-32.9
Jaren Jackson Jr.,26,C,2TM,4,49,0.88,-34
Devin Booker,29,SG,PHO,4,57.1,1.99,-34.5
Joel Embiid,31,C,PHI,3,58.1,2.05,-35.2
Stephen Curry,37,PG,GSW,1,62.6,2.61,-35.9
Zach LaVine,30,SG,SAC,1,49,0.44,-37
Paul George,35,PF,PHI,2,54.1,0.9,-39
Jayson Tatum,27,PF,BOS,4,58.5,0.94,-43.1
Anthony Davis,32,PF,DAL,2,58.5,0.93,-43.1
