series_id,date,value
OPHNFB,1947-01-01,22.256
OPHNFB,1947-04-01,22.762
OPHNFB,1947-07-01,22.065
OPHNFB,1947-10-01,22.993
OPHNFB,1948-01-01,23.097
OPHNFB,1948-04-01,23.036
OPHNFB,1948-07-01,23.061
OPHNFB,1948-10-01,23.162
OPHNFB,1949-01-01,23.398
OPHNFB,1949-04-01,23.639
OPHNFB,1949-07-01,24.204
OPHNFB,1949-10-01,24.073
OPHNFB,1950-01-01,24.899
OPHNFB,1950-04-01,25.205
OPHNFB,1950-07-01,25.752
OPHNFB,1950-10-01,25.799
OPHNFB,1951-01-01,25.827
OPHNFB,1951-04-01,25.747
OPHNFB,1951-07-01,26.319
OPHNFB,1951-10-01,26.398
OPHNFB,1952-01-01,26.533
OPHNFB,1952-04-01,26.48
OPHNFB,1952-07-01,26.35
OPHNFB,1952-10-01,26.908
OPHNFB,1953-01-01,27.143
OPHNFB,1953-04-01,27.207
OPHNFB,1953-07-01,27.322
OPHNFB,1953-10-01,27.226
OPHNFB,1954-01-01,27.283
OPHNFB,1954-04-01,27.473
OPHNFB,1954-07-01,27.968
OPHNFB,1954-10-01,28.283
OPHNFB,1955-01-01,28.841
OPHNFB,1955-04-01,28.94
OPHNFB,1955-07-01,29.045
OPHNFB,1955-10-01,28.941
OPHNFB,1956-01-01,28.592
OPHNFB,1956-04-01,28.733
OPHNFB,1956-07-01,28.729
OPHNFB,1956-10-01,29.037
OPHNFB,1957-01-01,29.369
OPHNFB,1957-04-01,29.253
OPHNFB,1957-07-01,29.664
OPHNFB,1957-10-01,29.762
OPHNFB,1958-01-01,29.353
OPHNFB,1958-04-01,29.914
OPHNFB,1958-07-01,30.476
OPHNFB,1958-10-01,30.996
OPHNFB,1959-01-01,31.034
OPHNFB,1959-04-01,31.336
OPHNFB,1959-07-01,31.379
OPHNFB,1959-10-01,31.277
OPHNFB,1960-01-01,32.007
OPHNFB,1960-04-01,31.508
OPHNFB,1960-07-01,31.696
OPHNFB,1960-10-01,31.277
OPHNFB,1961-01-01,31.681
OPHNFB,1961-04-01,32.514
OPHNFB,1961-07-01,33.067
OPHNFB,1961-10-01,33.351
OPHNFB,1962-01-01,33.896
OPHNFB,1962-04-01,33.761
OPHNFB,1962-07-01,34.323
OPHNFB,1962-10-01,34.575
OPHNFB,1963-01-01,34.679
OPHNFB,1963-04-01,34.942
OPHNFB,1963-07-01,35.799
OPHNFB,1963-10-01,35.775
OPHNFB,1964-01-01,35.999
OPHNFB,1964-04-01,36.196
OPHNFB,1964-07-01,36.569
OPHNFB,1964-10-01,36.216
OPHNFB,1965-01-01,36.735
OPHNFB,1965-04-01,36.905
OPHNFB,1965-07-01,37.655
OPHNFB,1965-10-01,38.308
OPHNFB,1966-01-01,38.83
OPHNFB,1966-04-01,38.561
OPHNFB,1966-07-01,38.688
OPHNFB,1966-10-01,38.928
OPHNFB,1967-01-01,39.236
OPHNFB,1967-04-01,39.38
OPHNFB,1967-07-01,39.581
OPHNFB,1967-10-01,39.695
OPHNFB,1968-01-01,40.581
OPHNFB,1968-04-01,40.961
OPHNFB,1968-07-01,40.977
OPHNFB,1968-10-01,40.879
OPHNFB,1969-01-01,41.204
OPHNFB,1969-04-01,40.867
OPHNFB,1969-07-01,40.909
OPHNFB,1969-10-01,40.703
OPHNFB,1970-01-01,40.829
OPHNFB,1970-04-01,41.426
OPHNFB,1970-07-01,42.076
OPHNFB,1970-10-01,41.69
OPHNFB,1971-01-01,42.925
OPHNFB,1971-04-01,43.047
OPHNFB,1971-07-01,43.454
OPHNFB,1971-10-01,43.077
OPHNFB,1972-01-01,43.751
OPHNFB,1972-04-01,44.613
OPHNFB,1972-07-01,44.869
OPHNFB,1972-10-01,45.248
OPHNFB,1973-01-01,46.272
OPHNFB,1973-04-01,46.289
OPHNFB,1973-07-01,45.855
OPHNFB,1973-10-01,45.57
OPHNFB,1974-01-01,45.46
OPHNFB,1974-04-01,45.324
OPHNFB,1974-07-01,44.859
OPHNFB,1974-10-01,45.259
OPHNFB,1975-01-01,45.595
OPHNFB,1975-04-01,46.319
OPHNFB,1975-07-01,46.885
OPHNFB,1975-10-01,46.936
OPHNFB,1976-01-01,47.631
OPHNFB,1976-04-01,48.069
OPHNFB,1976-07-01,48.182
OPHNFB,1976-10-01,48.32
OPHNFB,1977-01-01,48.632
OPHNFB,1977-04-01,48.831
OPHNFB,1977-07-01,49.343
OPHNFB,1977-10-01,48.715
OPHNFB,1978-01-01,48.743
OPHNFB,1978-04-01,49.712
OPHNFB,1978-07-01,49.743
OPHNFB,1978-10-01,50.07
OPHNFB,1979-01-01,49.615
OPHNFB,1979-04-01,49.523
OPHNFB,1979-07-01,49.463
OPHNFB,1979-10-01,49.405
OPHNFB,1980-01-01,49.639
OPHNFB,1980-04-01,49.122
OPHNFB,1980-07-01,49.316
OPHNFB,1980-10-01,49.817
OPHNFB,1981-01-01,50.584
OPHNFB,1981-04-01,49.93
OPHNFB,1981-07-01,50.397
OPHNFB,1981-10-01,49.862
OPHNFB,1982-01-01,49.612
OPHNFB,1982-04-01,49.626
OPHNFB,1982-07-01,49.724
OPHNFB,1982-10-01,50.161
OPHNFB,1983-01-01,50.843
OPHNFB,1983-04-01,51.956
OPHNFB,1983-07-01,52.08
OPHNFB,1983-10-01,52.38
OPHNFB,1984-01-01,52.633
OPHNFB,1984-04-01,52.926
OPHNFB,1984-07-01,53.149
OPHNFB,1984-10-01,53.208
OPHNFB,1985-01-01,53.378
OPHNFB,1985-04-01,53.546
OPHNFB,1985-07-01,54.228
OPHNFB,1985-10-01,54.445
OPHNFB,1986-01-01,55.09
OPHNFB,1986-04-01,55.522
OPHNFB,1986-07-01,55.759
OPHNFB,1986-10-01,55.639
OPHNFB,1987-01-01,55.376
OPHNFB,1987-04-01,55.749
OPHNFB,1987-07-01,55.761
OPHNFB,1987-10-01,56.319
OPHNFB,1988-01-01,56.533
OPHNFB,1988-04-01,56.686
OPHNFB,1988-07-01,56.806
OPHNFB,1988-10-01,56.869
OPHNFB,1989-01-01,56.967
OPHNFB,1989-04-01,57.132
OPHNFB,1989-07-01,57.398
OPHNFB,1989-10-01,57.404
OPHNFB,1990-01-01,57.936
OPHNFB,1990-04-01,58.338
OPHNFB,1990-07-01,58.531
OPHNFB,1990-10-01,57.922
OPHNFB,1991-01-01,58.101
OPHNFB,1991-04-01,59.047
OPHNFB,1991-07-01,59.553
OPHNFB,1991-10-01,59.836
OPHNFB,1992-01-01,61.018
OPHNFB,1992-04-01,61.527
OPHNFB,1992-07-01,62.088
OPHNFB,1992-10-01,62.447
OPHNFB,1993-01-01,61.916
OPHNFB,1993-04-01,61.551
OPHNFB,1993-07-01,61.831
OPHNFB,1993-10-01,62.068
OPHNFB,1994-01-01,62.24
OPHNFB,1994-04-01,62.299
OPHNFB,1994-07-01,61.947
OPHNFB,1994-10-01,62.601
OPHNFB,1995-01-01,62.642
OPHNFB,1995-04-01,62.935
OPHNFB,1995-07-01,62.93
OPHNFB,1995-10-01,63.274
OPHNFB,1996-01-01,63.666
OPHNFB,1996-04-01,64.284
OPHNFB,1996-07-01,64.522
OPHNFB,1996-10-01,64.587
OPHNFB,1997-01-01,64.447
OPHNFB,1997-04-01,65.399
OPHNFB,1997-07-01,65.925
OPHNFB,1997-10-01,66.246
OPHNFB,1998-01-01,66.859
OPHNFB,1998-04-01,67.196
OPHNFB,1998-07-01,68.104
OPHNFB,1998-10-01,68.628
OPHNFB,1999-01-01,69.579
OPHNFB,1999-04-01,69.834
OPHNFB,1999-07-01,70.469
OPHNFB,1999-10-01,71.516
OPHNFB,2000-01-01,71.222
OPHNFB,2000-04-01,72.657
OPHNFB,2000-07-01,72.587
OPHNFB,2000-10-01,73.353
OPHNFB,2001-01-01,72.94
OPHNFB,2001-04-01,74.193
OPHNFB,2001-07-01,74.611
OPHNFB,2001-10-01,75.555
OPHNFB,2002-01-01,77.138
OPHNFB,2002-04-01,77.259
OPHNFB,2002-07-01,77.852
OPHNFB,2002-10-01,77.749
OPHNFB,2003-01-01,78.511
OPHNFB,2003-04-01,79.545
OPHNFB,2003-07-01,81.295
OPHNFB,2003-10-01,82.068
OPHNFB,2004-01-01,81.825
OPHNFB,2004-04-01,82.678
OPHNFB,2004-07-01,83.061
OPHNFB,2004-10-01,83.433
OPHNFB,2005-01-01,84.324
OPHNFB,2005-04-01,84.249
OPHNFB,2005-07-01,84.825
OPHNFB,2005-10-01,84.834
OPHNFB,2006-01-01,85.416
OPHNFB,2006-04-01,85.322
OPHNFB,2006-07-01,85.157
OPHNFB,2006-10-01,85.708
OPHNFB,2007-01-01,86.014
OPHNFB,2007-04-01,86.272
OPHNFB,2007-07-01,87.03
OPHNFB,2007-10-01,87.716
OPHNFB,2008-01-01,87.136
OPHNFB,2008-04-01,88.158
OPHNFB,2008-07-01,88.374
OPHNFB,2008-10-01,87.901
OPHNFB,2009-01-01,88.901
OPHNFB,2009-04-01,90.943
OPHNFB,2009-07-01,92.392
OPHNFB,2009-10-01,93.644
OPHNFB,2010-01-01,93.743
OPHNFB,2010-04-01,94.055
OPHNFB,2010-07-01,94.663
OPHNFB,2010-10-01,94.963
OPHNFB,2011-01-01,94.262
OPHNFB,2011-04-01,94.321
OPHNFB,2011-07-01,94.147
OPHNFB,2011-10-01,94.6
OPHNFB,2012-01-01,95.077
OPHNFB,2012-04-01,95.572
OPHNFB,2012-07-01,95.291
OPHNFB,2012-10-01,94.932
OPHNFB,2013-01-01,95.397
OPHNFB,2013-04-01,95.16
OPHNFB,2013-07-01,95.837
OPHNFB,2013-10-01,96.761
OPHNFB,2014-01-01,95.957
OPHNFB,2014-04-01,96.579
OPHNFB,2014-07-01,97.406
OPHNFB,2014-10-01,97.075
OPHNFB,2015-01-01,97.637
OPHNFB,2015-04-01,98.117
OPHNFB,2015-07-01,98.392
OPHNFB,2015-10-01,97.787
OPHNFB,2016-01-01,98.205
OPHNFB,2016-04-01,98.267
OPHNFB,2016-07-01,98.603
OPHNFB,2016-10-01,99.271
OPHNFB,2017-01-01,99.432
OPHNFB,2017-04-01,99.485
OPHNFB,2017-07-01,100.294
OPHNFB,2017-10-01,101.031
OPHNFB,2018-01-01,101.359
OPHNFB,2018-04-01,101.371
OPHNFB,2018-07-01,101.668
OPHNFB,2018-10-01,101.486
OPHNFB,2019-01-01,102.34
OPHNFB,2019-04-01,102.971
OPHNFB,2019-07-01,104.129
OPHNFB,2019-10-01,105.103
OPHNFB,2020-01-01,104.679
OPHNFB,2020-04-01,109.772
OPHNFB,2020-07-01,111.491
OPHNFB,2020-10-01,110.599
OPHNFB,2021-01-01,111.394
OPHNFB,2021-04-01,111.626
OPHNFB,2021-07-01,110.948
OPHNFB,2021-10-01,111.578
OPHNFB,2022-01-01,110.176
OPHNFB,2022-04-01,109.36
OPHNFB,2022-07-01,109.423
OPHNFB,2022-10-01,110.047
OPHNFB,2023-01-01,110.298
OPHNFB,2023-04-01,111.404
OPHNFB,2023-07-01,112.786
OPHNFB,2023-10-01,113.881
OPHNFB,2024-01-01,113.947
OPHNFB,2024-04-01,114.99
OPHNFB,2024-07-01,116.035
OPHNFB,2024-10-01,116.445
OPHNFB,2025-01-01,116.187
OPHNFB,2025-04-01,117.385
OPHNFB,2025-07-01,118.884
OPHNFB,2025-10-01,119.35
OPHNFB,2026-01-01,119.594
OPHNFB,2026-04-01,120.017
COMPNFB,1947-01-01,3.334
COMPNFB,1947-04-01,3.41
COMPNFB,1947-07-01,3.511
COMPNFB,1947-10-01,3.594
COMPNFB,1948-01-01,3.679
COMPNFB,1948-04-01,3.728
COMPNFB,1948-07-01,3.805
COMPNFB,1948-10-01,3.842
COMPNFB,1949-01-01,3.865
COMPNFB,1949-04-01,3.872
COMPNFB,1949-07-01,3.882
COMPNFB,1949-10-01,3.87
COMPNFB,1950-01-01,3.97
COMPNFB,1950-04-01,4.056
COMPNFB,1950-07-01,4.137
COMPNFB,1950-10-01,4.241
COMPNFB,1951-01-01,4.343
COMPNFB,1951-04-01,4.439
COMPNFB,1951-07-01,4.489
COMPNFB,1951-10-01,4.574
COMPNFB,1952-01-01,4.623
COMPNFB,1952-04-01,4.657
COMPNFB,1952-07-01,4.715
COMPNFB,1952-10-01,4.834
COMPNFB,1953-01-01,4.89
COMPNFB,1953-04-01,4.947
COMPNFB,1953-07-01,5
COMPNFB,1953-10-01,5.048
COMPNFB,1954-01-01,5.091
COMPNFB,1954-04-01,5.096
COMPNFB,1954-07-01,5.137
COMPNFB,1954-10-01,5.187
COMPNFB,1955-01-01,5.223
COMPNFB,1955-04-01,5.267
COMPNFB,1955-07-01,5.36
COMPNFB,1955-10-01,5.409
COMPNFB,1956-01-01,5.493
COMPNFB,1956-04-01,5.599
COMPNFB,1956-07-01,5.685
COMPNFB,1956-10-01,5.781
COMPNFB,1957-01-01,5.863
COMPNFB,1957-04-01,5.922
COMPNFB,1957-07-01,6.001
COMPNFB,1957-10-01,6.081
COMPNFB,1958-01-01,6.081
COMPNFB,1958-04-01,6.136
COMPNFB,1958-07-01,6.278
COMPNFB,1958-10-01,6.304
COMPNFB,1959-01-01,6.366
COMPNFB,1959-04-01,6.42
COMPNFB,1959-07-01,6.457
COMPNFB,1959-10-01,6.519
COMPNFB,1960-01-01,6.658
COMPNFB,1960-04-01,6.702
COMPNFB,1960-07-01,6.741
COMPNFB,1960-10-01,6.769
COMPNFB,1961-01-01,6.829
COMPNFB,1961-04-01,6.925
COMPNFB,1961-07-01,6.977
COMPNFB,1961-10-01,7.028
COMPNFB,1962-01-01,7.14
COMPNFB,1962-04-01,7.188
COMPNFB,1962-07-01,7.239
COMPNFB,1962-10-01,7.304
COMPNFB,1963-01-01,7.377
COMPNFB,1963-04-01,7.414
COMPNFB,1963-07-01,7.49
COMPNFB,1963-10-01,7.576
COMPNFB,1964-01-01,7.552
COMPNFB,1964-04-01,7.636
COMPNFB,1964-07-01,7.737
COMPNFB,1964-10-01,7.793
COMPNFB,1965-01-01,7.826
COMPNFB,1965-04-01,7.878
COMPNFB,1965-07-01,7.962
COMPNFB,1965-10-01,8.08
COMPNFB,1966-01-01,8.221
COMPNFB,1966-04-01,8.352
COMPNFB,1966-07-01,8.472
COMPNFB,1966-10-01,8.585
COMPNFB,1967-01-01,8.701
COMPNFB,1967-04-01,8.841
COMPNFB,1967-07-01,8.961
COMPNFB,1967-10-01,9.083
COMPNFB,1968-01-01,9.327
COMPNFB,1968-04-01,9.478
COMPNFB,1968-07-01,9.633
COMPNFB,1968-10-01,9.824
COMPNFB,1969-01-01,9.958
COMPNFB,1969-04-01,10.119
COMPNFB,1969-07-01,10.299
COMPNFB,1969-10-01,10.497
COMPNFB,1970-01-01,10.686
COMPNFB,1970-04-01,10.854
COMPNFB,1970-07-01,11.03
COMPNFB,1970-10-01,11.137
COMPNFB,1971-01-01,11.367
COMPNFB,1971-04-01,11.534
COMPNFB,1971-07-01,11.692
COMPNFB,1971-10-01,11.773
COMPNFB,1972-01-01,12.1
COMPNFB,1972-04-01,12.242
COMPNFB,1972-07-01,12.405
COMPNFB,1972-10-01,12.638
COMPNFB,1973-01-01,12.972
COMPNFB,1973-04-01,13.153
COMPNFB,1973-07-01,13.38
COMPNFB,1973-10-01,13.651
COMPNFB,1974-01-01,13.96
COMPNFB,1974-04-01,14.323
COMPNFB,1974-07-01,14.747
COMPNFB,1974-10-01,15.151
COMPNFB,1975-01-01,15.602
COMPNFB,1975-04-01,15.933
COMPNFB,1975-07-01,16.215
COMPNFB,1975-10-01,16.481
COMPNFB,1976-01-01,16.798
COMPNFB,1976-04-01,17.113
COMPNFB,1976-07-01,17.472
COMPNFB,1976-10-01,17.844
COMPNFB,1977-01-01,18.182
COMPNFB,1977-04-01,18.554
COMPNFB,1977-07-01,18.914
COMPNFB,1977-10-01,19.241
COMPNFB,1978-01-01,19.752
COMPNFB,1978-04-01,20.09
COMPNFB,1978-07-01,20.473
COMPNFB,1978-10-01,20.983
COMPNFB,1979-01-01,21.521
COMPNFB,1979-04-01,22.014
COMPNFB,1979-07-01,22.503
COMPNFB,1979-10-01,23.07
COMPNFB,1980-01-01,23.716
COMPNFB,1980-04-01,24.356
COMPNFB,1980-07-01,24.973
COMPNFB,1980-10-01,25.637
COMPNFB,1981-01-01,26.281
COMPNFB,1981-04-01,26.736
COMPNFB,1981-07-01,27.33
COMPNFB,1981-10-01,27.778
COMPNFB,1982-01-01,28.506
COMPNFB,1982-04-01,28.727
COMPNFB,1982-07-01,29.175
COMPNFB,1982-10-01,29.603
COMPNFB,1983-01-01,29.904
COMPNFB,1983-04-01,30.193
COMPNFB,1983-07-01,30.357
COMPNFB,1983-10-01,30.705
COMPNFB,1984-01-01,31.058
COMPNFB,1984-04-01,31.385
COMPNFB,1984-07-01,31.843
COMPNFB,1984-10-01,32.099
COMPNFB,1985-01-01,32.505
COMPNFB,1985-04-01,32.813
COMPNFB,1985-07-01,33.298
COMPNFB,1985-10-01,33.927
COMPNFB,1986-01-01,34.411
COMPNFB,1986-04-01,34.809
COMPNFB,1986-07-01,35.244
COMPNFB,1986-10-01,35.716
COMPNFB,1987-01-01,35.873
COMPNFB,1987-04-01,36.135
COMPNFB,1987-07-01,36.504
COMPNFB,1987-10-01,36.938
COMPNFB,1988-01-01,37.582
COMPNFB,1988-04-01,38.036
COMPNFB,1988-07-01,38.506
COMPNFB,1988-10-01,38.796
COMPNFB,1989-01-01,38.904
COMPNFB,1989-04-01,39.064
COMPNFB,1989-07-01,39.414
COMPNFB,1989-10-01,39.98
COMPNFB,1990-01-01,40.74
COMPNFB,1990-04-01,41.531
COMPNFB,1990-07-01,42.083
COMPNFB,1990-10-01,42.4
COMPNFB,1991-01-01,42.646
COMPNFB,1991-04-01,43.464
COMPNFB,1991-07-01,43.985
COMPNFB,1991-10-01,44.573
COMPNFB,1992-01-01,45.734
COMPNFB,1992-04-01,46.151
COMPNFB,1992-07-01,46.683
COMPNFB,1992-10-01,46.927
COMPNFB,1993-01-01,46.588
COMPNFB,1993-04-01,46.931
COMPNFB,1993-07-01,46.955
COMPNFB,1993-10-01,47.292
COMPNFB,1994-01-01,47.019
COMPNFB,1994-04-01,47.414
COMPNFB,1994-07-01,47.399
COMPNFB,1994-10-01,47.772
COMPNFB,1995-01-01,48.049
COMPNFB,1995-04-01,48.446
COMPNFB,1995-07-01,48.708
COMPNFB,1995-10-01,49.103
COMPNFB,1996-01-01,49.637
COMPNFB,1996-04-01,50.101
COMPNFB,1996-07-01,50.487
COMPNFB,1996-10-01,50.784
COMPNFB,1997-01-01,51.358
COMPNFB,1997-04-01,51.826
COMPNFB,1997-07-01,52.339
COMPNFB,1997-10-01,53.29
COMPNFB,1998-01-01,54.196
COMPNFB,1998-04-01,54.876
COMPNFB,1998-07-01,55.754
COMPNFB,1998-10-01,56.069
COMPNFB,1999-01-01,57.066
COMPNFB,1999-04-01,57.303
COMPNFB,1999-07-01,57.801
COMPNFB,1999-10-01,58.97
COMPNFB,2000-01-01,61.041
COMPNFB,2000-04-01,61.198
COMPNFB,2000-07-01,62.378
COMPNFB,2000-10-01,62.747
COMPNFB,2001-01-01,64.139
COMPNFB,2001-04-01,64.409
COMPNFB,2001-07-01,64.47
COMPNFB,2001-10-01,65.079
COMPNFB,2002-01-01,65.354
COMPNFB,2002-04-01,65.949
COMPNFB,2002-07-01,66.285
COMPNFB,2002-10-01,66.433
COMPNFB,2003-01-01,66.831
COMPNFB,2003-04-01,68.007
COMPNFB,2003-07-01,69.013
COMPNFB,2003-10-01,69.996
COMPNFB,2004-01-01,69.851
COMPNFB,2004-04-01,71.183
COMPNFB,2004-07-01,72.505
COMPNFB,2004-10-01,72.793
COMPNFB,2005-01-01,73.228
COMPNFB,2005-04-01,73.723
COMPNFB,2005-07-01,74.696
COMPNFB,2005-10-01,75.129
COMPNFB,2006-01-01,76.538
COMPNFB,2006-04-01,76.672
COMPNFB,2006-07-01,76.887
COMPNFB,2006-10-01,78.097
COMPNFB,2007-01-01,79.884
COMPNFB,2007-04-01,79.829
COMPNFB,2007-07-01,80.195
COMPNFB,2007-10-01,81.162
COMPNFB,2008-01-01,81.928
COMPNFB,2008-04-01,82.058
COMPNFB,2008-07-01,82.911
COMPNFB,2008-10-01,84
COMPNFB,2009-01-01,81.738
COMPNFB,2009-04-01,83.895
COMPNFB,2009-07-01,84.573
COMPNFB,2009-10-01,84.96
COMPNFB,2010-01-01,84.143
COMPNFB,2010-04-01,85.159
COMPNFB,2010-07-01,85.668
COMPNFB,2010-10-01,85.954
COMPNFB,2011-01-01,87.587
COMPNFB,2011-04-01,86.814
COMPNFB,2011-07-01,87.505
COMPNFB,2011-10-01,86.208
COMPNFB,2012-01-01,88.272
COMPNFB,2012-04-01,88.735
COMPNFB,2012-07-01,88.723
COMPNFB,2012-10-01,91.002
COMPNFB,2013-01-01,89.628
COMPNFB,2013-04-01,90.228
COMPNFB,2013-07-01,90.027
COMPNFB,2013-10-01,90.755
COMPNFB,2014-01-01,92.492
COMPNFB,2014-04-01,91.978
COMPNFB,2014-07-01,92.475
COMPNFB,2014-10-01,93.482
COMPNFB,2015-01-01,94.572
COMPNFB,2015-04-01,95.406
COMPNFB,2015-07-01,96.001
COMPNFB,2015-10-01,95.81
COMPNFB,2016-01-01,95.845
COMPNFB,2016-04-01,96.196
COMPNFB,2016-07-01,96.61
COMPNFB,2016-10-01,97.655
COMPNFB,2017-01-01,98.629
COMPNFB,2017-04-01,99.234
COMPNFB,2017-07-01,100.516
COMPNFB,2017-10-01,101.869
COMPNFB,2018-01-01,102.478
COMPNFB,2018-04-01,103.012
COMPNFB,2018-07-01,104.021
COMPNFB,2018-10-01,104.364
COMPNFB,2019-01-01,106.825
COMPNFB,2019-04-01,106.838
COMPNFB,2019-07-01,106.889
COMPNFB,2019-10-01,108.736
COMPNFB,2020-01-01,111.295
COMPNFB,2020-04-01,117.82
COMPNFB,2020-07-01,116.085
COMPNFB,2020-10-01,119.032
COMPNFB,2021-01-01,119.121
COMPNFB,2021-04-01,121.057
COMPNFB,2021-07-01,122.646
COMPNFB,2021-10-01,124.409
COMPNFB,2022-01-01,124.995
COMPNFB,2022-04-01,125.154
COMPNFB,2022-07-01,127.377
COMPNFB,2022-10-01,127.543
COMPNFB,2023-01-01,128.545
COMPNFB,2023-04-01,130.6
COMPNFB,2023-07-01,132.603
COMPNFB,2023-10-01,134.3
COMPNFB,2024-01-01,136.202
COMPNFB,2024-04-01,137.809
COMPNFB,2024-07-01,139.441
COMPNFB,2024-10-01,140.935
COMPNFB,2025-01-01,143.108
COMPNFB,2025-04-01,143.527
COMPNFB,2025-07-01,145.716
COMPNFB,2025-10-01,147.059
COMPNFB,2026-01-01,147.843
COMPNFB,2026-04-01,148.796
IPDNBS,1947-01-01,12.915
IPDNBS,1947-04-01,13.095
IPDNBS,1947-07-01,13.689
IPDNBS,1947-10-01,13.638
IPDNBS,1948-01-01,13.876
IPDNBS,1948-04-01,14.105
IPDNBS,1948-07-01,14.38
IPDNBS,1948-10-01,14.576
IPDNBS,1949-01-01,14.476
IPDNBS,1949-04-01,14.33
IPDNBS,1949-07-01,14.299
IPDNBS,1949-10-01,14.253
IPDNBS,1950-01-01,14.3
IPDNBS,1950-04-01,14.348
IPDNBS,1950-07-01,14.508
IPDNBS,1950-10-01,14.805
IPDNBS,1951-01-01,15.221
IPDNBS,1951-04-01,15.426
IPDNBS,1951-07-01,15.528
IPDNBS,1951-10-01,15.624
IPDNBS,1952-01-01,15.638
IPDNBS,1952-04-01,15.659
IPDNBS,1952-07-01,15.836
IPDNBS,1952-10-01,15.941
IPDNBS,1953-01-01,15.957
IPDNBS,1953-04-01,16.063
IPDNBS,1953-07-01,16.122
IPDNBS,1953-10-01,16.14
IPDNBS,1954-01-01,16.192
IPDNBS,1954-04-01,16.216
IPDNBS,1954-07-01,16.195
IPDNBS,1954-10-01,16.267
IPDNBS,1955-01-01,16.339
IPDNBS,1955-04-01,16.39
IPDNBS,1955-07-01,16.557
IPDNBS,1955-10-01,16.719
IPDNBS,1956-01-01,16.875
IPDNBS,1956-04-01,16.977
IPDNBS,1956-07-01,17.194
IPDNBS,1956-10-01,17.296
IPDNBS,1957-01-01,17.496
IPDNBS,1957-04-01,17.605
IPDNBS,1957-07-01,17.696
IPDNBS,1957-10-01,17.74
IPDNBS,1958-01-01,17.802
IPDNBS,1958-04-01,17.831
IPDNBS,1958-07-01,17.923
IPDNBS,1958-10-01,18.001
IPDNBS,1959-01-01,18.085
IPDNBS,1959-04-01,18.125
IPDNBS,1959-07-01,18.198
IPDNBS,1959-10-01,18.29
IPDNBS,1960-01-01,18.31
IPDNBS,1960-04-01,18.349
IPDNBS,1960-07-01,18.42
IPDNBS,1960-10-01,18.478
IPDNBS,1961-01-01,18.495
IPDNBS,1961-04-01,18.531
IPDNBS,1961-07-01,18.545
IPDNBS,1961-10-01,18.552
IPDNBS,1962-01-01,18.636
IPDNBS,1962-04-01,18.704
IPDNBS,1962-07-01,18.726
IPDNBS,1962-10-01,18.714
IPDNBS,1963-01-01,18.813
IPDNBS,1963-04-01,18.822
IPDNBS,1963-07-01,18.818
IPDNBS,1963-10-01,18.933
IPDNBS,1964-01-01,18.981
IPDNBS,1964-04-01,19.037
IPDNBS,1964-07-01,19.13
IPDNBS,1964-10-01,19.194
IPDNBS,1965-01-01,19.257
IPDNBS,1965-04-01,19.286
IPDNBS,1965-07-01,19.365
IPDNBS,1965-10-01,19.436
IPDNBS,1966-01-01,19.493
IPDNBS,1966-04-01,19.697
IPDNBS,1966-07-01,19.845
IPDNBS,1966-10-01,20.074
IPDNBS,1967-01-01,20.171
IPDNBS,1967-04-01,20.283
IPDNBS,1967-07-01,20.458
IPDNBS,1967-10-01,20.654
IPDNBS,1968-01-01,20.87
IPDNBS,1968-04-01,21.097
IPDNBS,1968-07-01,21.232
IPDNBS,1968-10-01,21.525
IPDNBS,1969-01-01,21.78
IPDNBS,1969-04-01,22.025
IPDNBS,1969-07-01,22.242
IPDNBS,1969-10-01,22.47
IPDNBS,1970-01-01,22.709
IPDNBS,1970-04-01,23.044
IPDNBS,1970-07-01,23.162
IPDNBS,1970-10-01,23.496
IPDNBS,1971-01-01,23.742
IPDNBS,1971-04-01,24.03
IPDNBS,1971-07-01,24.254
IPDNBS,1971-10-01,24.346
IPDNBS,1972-01-01,24.642
IPDNBS,1972-04-01,24.74
IPDNBS,1972-07-01,24.891
IPDNBS,1972-10-01,25.045
IPDNBS,1973-01-01,25.191
IPDNBS,1973-04-01,25.471
IPDNBS,1973-07-01,25.798
IPDNBS,1973-10-01,26.404
IPDNBS,1974-01-01,26.999
IPDNBS,1974-04-01,27.987
IPDNBS,1974-07-01,28.855
IPDNBS,1974-10-01,29.729
IPDNBS,1975-01-01,30.696
IPDNBS,1975-04-01,31.165
IPDNBS,1975-07-01,31.641
IPDNBS,1975-10-01,32.095
IPDNBS,1976-01-01,32.462
IPDNBS,1976-04-01,32.824
IPDNBS,1976-07-01,33.281
IPDNBS,1976-10-01,33.893
IPDNBS,1977-01-01,34.369
IPDNBS,1977-04-01,34.931
IPDNBS,1977-07-01,35.386
IPDNBS,1977-10-01,36.001
IPDNBS,1978-01-01,36.423
IPDNBS,1978-04-01,37.076
IPDNBS,1978-07-01,37.777
IPDNBS,1978-10-01,38.531
IPDNBS,1979-01-01,39.158
IPDNBS,1979-04-01,40.252
IPDNBS,1979-07-01,41.094
IPDNBS,1979-10-01,41.89
IPDNBS,1980-01-01,42.957
IPDNBS,1980-04-01,44.175
IPDNBS,1980-07-01,44.872
IPDNBS,1980-10-01,45.851
IPDNBS,1981-01-01,47.273
IPDNBS,1981-04-01,48.237
IPDNBS,1981-07-01,49.247
IPDNBS,1981-10-01,50.149
IPDNBS,1982-01-01,50.787
IPDNBS,1982-04-01,51.439
IPDNBS,1982-07-01,52.062
IPDNBS,1982-10-01,52.624
IPDNBS,1983-01-01,52.816
IPDNBS,1983-04-01,53.06
IPDNBS,1983-07-01,53.957
IPDNBS,1983-10-01,54.228
IPDNBS,1984-01-01,54.327
IPDNBS,1984-04-01,54.822
IPDNBS,1984-07-01,55.295
IPDNBS,1984-10-01,55.577
IPDNBS,1985-01-01,56.194
IPDNBS,1985-04-01,56.53
IPDNBS,1985-07-01,56.943
IPDNBS,1985-10-01,57.069
IPDNBS,1986-01-01,57.361
IPDNBS,1986-04-01,57.406
IPDNBS,1986-07-01,57.488
IPDNBS,1986-10-01,57.714
IPDNBS,1987-01-01,58.054
IPDNBS,1987-04-01,58.376
IPDNBS,1987-07-01,58.83
IPDNBS,1987-10-01,59.008
IPDNBS,1988-01-01,59.397
IPDNBS,1988-04-01,59.926
IPDNBS,1988-07-01,60.661
IPDNBS,1988-10-01,61.438
IPDNBS,1989-01-01,61.679
IPDNBS,1989-04-01,62.456
IPDNBS,1989-07-01,62.901
IPDNBS,1989-10-01,63.229
IPDNBS,1990-01-01,63.82
IPDNBS,1990-04-01,64.445
IPDNBS,1990-07-01,64.99
IPDNBS,1990-10-01,65.585
IPDNBS,1991-01-01,66.185
IPDNBS,1991-04-01,66.531
IPDNBS,1991-07-01,66.968
IPDNBS,1991-10-01,67.198
IPDNBS,1992-01-01,67.341
IPDNBS,1992-04-01,67.615
IPDNBS,1992-07-01,67.94
IPDNBS,1992-10-01,68.461
IPDNBS,1993-01-01,68.942
IPDNBS,1993-04-01,69.33
IPDNBS,1993-07-01,69.526
IPDNBS,1993-10-01,69.906
IPDNBS,1994-01-01,70.156
IPDNBS,1994-04-01,70.476
IPDNBS,1994-07-01,70.915
IPDNBS,1994-10-01,71.284
IPDNBS,1995-01-01,71.575
IPDNBS,1995-04-01,71.878
IPDNBS,1995-07-01,72.11
IPDNBS,1995-10-01,72.289
IPDNBS,1996-01-01,72.519
IPDNBS,1996-04-01,72.81
IPDNBS,1996-07-01,73.065
IPDNBS,1996-10-01,73.439
IPDNBS,1997-01-01,73.862
IPDNBS,1997-04-01,74.104
IPDNBS,1997-07-01,74.372
IPDNBS,1997-10-01,74.552
IPDNBS,1998-01-01,74.353
IPDNBS,1998-04-01,74.417
IPDNBS,1998-07-01,74.624
IPDNBS,1998-10-01,74.586
IPDNBS,1999-01-01,74.628
IPDNBS,1999-04-01,74.855
IPDNBS,1999-07-01,75.098
IPDNBS,1999-10-01,75.465
IPDNBS,2000-01-01,75.961
IPDNBS,2000-04-01,76.243
IPDNBS,2000-07-01,76.713
IPDNBS,2000-10-01,76.959
IPDNBS,2001-01-01,77.389
IPDNBS,2001-04-01,77.723
IPDNBS,2001-07-01,77.795
IPDNBS,2001-10-01,77.951
IPDNBS,2002-01-01,77.907
IPDNBS,2002-04-01,78.286
IPDNBS,2002-07-01,78.476
IPDNBS,2002-10-01,78.78
IPDNBS,2003-01-01,79.116
IPDNBS,2003-04-01,79.29
IPDNBS,2003-07-01,79.532
IPDNBS,2003-10-01,79.801
IPDNBS,2004-01-01,80.539
IPDNBS,2004-04-01,80.927
IPDNBS,2004-07-01,81.463
IPDNBS,2004-10-01,82.235
IPDNBS,2005-01-01,82.937
IPDNBS,2005-04-01,83.587
IPDNBS,2005-07-01,84.417
IPDNBS,2005-10-01,85.169
IPDNBS,2006-01-01,85.664
IPDNBS,2006-04-01,86.445
IPDNBS,2006-07-01,86.871
IPDNBS,2006-10-01,86.927
IPDNBS,2007-01-01,87.556
IPDNBS,2007-04-01,88.165
IPDNBS,2007-07-01,88.52
IPDNBS,2007-10-01,88.685
IPDNBS,2008-01-01,88.894
IPDNBS,2008-04-01,89.243
IPDNBS,2008-07-01,90.01
IPDNBS,2008-10-01,90.043
IPDNBS,2009-01-01,90.104
IPDNBS,2009-04-01,89.606
IPDNBS,2009-07-01,89.716
IPDNBS,2009-10-01,89.831
IPDNBS,2010-01-01,90.272
IPDNBS,2010-04-01,90.698
IPDNBS,2010-07-01,90.847
IPDNBS,2010-10-01,91.315
IPDNBS,2011-01-01,91.766
IPDNBS,2011-04-01,92.33
IPDNBS,2011-07-01,92.848
IPDNBS,2011-10-01,93.141
IPDNBS,2012-01-01,93.537
IPDNBS,2012-04-01,93.971
IPDNBS,2012-07-01,94.439
IPDNBS,2012-10-01,94.755
IPDNBS,2013-01-01,94.909
IPDNBS,2013-04-01,95.092
IPDNBS,2013-07-01,95.572
IPDNBS,2013-10-01,96.137
IPDNBS,2014-01-01,96.408
IPDNBS,2014-04-01,96.87
IPDNBS,2014-07-01,97.3
IPDNBS,2014-10-01,97.235
IPDNBS,2015-01-01,97.159
IPDNBS,2015-04-01,97.693
IPDNBS,2015-07-01,97.882
IPDNBS,2015-10-01,97.808
IPDNBS,2016-01-01,97.685
IPDNBS,2016-04-01,98.427
IPDNBS,2016-07-01,98.663
IPDNBS,2016-10-01,99.091
IPDNBS,2017-01-01,99.47
IPDNBS,2017-04-01,99.648
IPDNBS,2017-07-01,100.16
IPDNBS,2017-10-01,100.7
IPDNBS,2018-01-01,101.275
IPDNBS,2018-04-01,102.03
IPDNBS,2018-07-01,102.451
IPDNBS,2018-10-01,102.784
IPDNBS,2019-01-01,103.001
IPDNBS,2019-04-01,103.598
IPDNBS,2019-07-01,103.744
IPDNBS,2019-10-01,103.884
IPDNBS,2020-01-01,104.074
IPDNBS,2020-04-01,103.011
IPDNBS,2020-07-01,104.116
IPDNBS,2020-10-01,104.695
IPDNBS,2021-01-01,106.298
IPDNBS,2021-04-01,107.998
IPDNBS,2021-07-01,109.723
IPDNBS,2021-10-01,111.978
IPDNBS,2022-01-01,114.458
IPDNBS,2022-04-01,117.378
IPDNBS,2022-07-01,118.582
IPDNBS,2022-10-01,119.607
IPDNBS,2023-01-01,120.702
IPDNBS,2023-04-01,121.221
IPDNBS,2023-07-01,122.151
IPDNBS,2023-10-01,122.557
IPDNBS,2024-01-01,123.377
IPDNBS,2024-04-01,124.06
IPDNBS,2024-07-01,124.328
IPDNBS,2024-10-01,124.852
IPDNBS,2025-01-01,125.85
IPDNBS,2025-04-01,126.412
IPDNBS,2025-07-01,127.678
IPDNBS,2025-10-01,128.716
IPDNBS,2026-01-01,130.342
IPDNBS,2026-04-01,132.674
COMPRNFB,1947-01-01,34.386
COMPRNFB,1947-04-01,34.67
COMPRNFB,1947-07-01,34.937
COMPRNFB,1947-10-01,34.781
COMPRNFB,1948-01-01,34.863
COMPRNFB,1948-04-01,34.777
COMPRNFB,1948-07-01,34.906
COMPRNFB,1948-10-01,35.57
COMPRNFB,1949-01-01,36.124
COMPRNFB,1949-04-01,36.234
COMPRNFB,1949-07-01,36.628
COMPRNFB,1949-10-01,36.607
COMPRNFB,1950-01-01,37.666
COMPRNFB,1950-04-01,38.195
COMPRNFB,1950-07-01,38.255
COMPRNFB,1950-10-01,38.438
COMPRNFB,1951-01-01,37.823
COMPRNFB,1951-04-01,38.29
COMPRNFB,1951-07-01,38.736
COMPRNFB,1951-10-01,38.899
COMPRNFB,1952-01-01,39.162
COMPRNFB,1952-04-01,39.352
COMPRNFB,1952-07-01,39.572
COMPRNFB,1952-10-01,40.523
COMPRNFB,1953-01-01,41.11
COMPRNFB,1953-04-01,41.438
COMPRNFB,1953-07-01,41.683
COMPRNFB,1953-10-01,42.015
COMPRNFB,1954-01-01,42.267
COMPRNFB,1954-04-01,42.384
COMPRNFB,1954-07-01,42.832
COMPRNFB,1954-10-01,43.388
COMPRNFB,1955-01-01,43.629
COMPRNFB,1955-04-01,44.054
COMPRNFB,1955-07-01,44.802
COMPRNFB,1955-10-01,45.072
COMPRNFB,1956-01-01,45.768
COMPRNFB,1956-04-01,46.345
COMPRNFB,1956-07-01,46.575
COMPRNFB,1956-10-01,46.961
COMPRNFB,1957-01-01,47.241
COMPRNFB,1957-04-01,47.312
COMPRNFB,1957-07-01,47.515
COMPRNFB,1957-10-01,47.92
COMPRNFB,1958-01-01,47.36
COMPRNFB,1958-04-01,47.466
COMPRNFB,1958-07-01,48.595
COMPRNFB,1958-10-01,48.743
COMPRNFB,1959-01-01,49.137
COMPRNFB,1959-04-01,49.471
COMPRNFB,1959-07-01,49.502
COMPRNFB,1959-10-01,49.672
COMPRNFB,1960-01-01,50.69
COMPRNFB,1960-04-01,50.713
COMPRNFB,1960-07-01,50.983
COMPRNFB,1960-10-01,50.867
COMPRNFB,1961-01-01,51.215
COMPRNFB,1961-04-01,51.951
COMPRNFB,1961-07-01,52.137
COMPRNFB,1961-10-01,52.445
COMPRNFB,1962-01-01,53.074
COMPRNFB,1962-04-01,53.233
COMPRNFB,1962-07-01,53.456
COMPRNFB,1962-10-01,53.808
COMPRNFB,1963-01-01,54.171
COMPRNFB,1963-04-01,54.345
COMPRNFB,1963-07-01,54.567
COMPRNFB,1963-10-01,55.039
COMPRNFB,1964-01-01,54.641
COMPRNFB,1964-04-01,55.16
COMPRNFB,1964-07-01,55.762
COMPRNFB,1964-10-01,55.913
COMPRNFB,1965-01-01,55.974
COMPRNFB,1965-04-01,55.99
COMPRNFB,1965-07-01,56.415
COMPRNFB,1965-10-01,56.952
COMPRNFB,1966-01-01,57.407
COMPRNFB,1966-04-01,57.801
COMPRNFB,1966-07-01,58.127
COMPRNFB,1966-10-01,58.429
COMPRNFB,1967-01-01,59.065
COMPRNFB,1967-04-01,59.655
COMPRNFB,1967-07-01,59.861
COMPRNFB,1967-10-01,60.02
COMPRNFB,1968-01-01,61.031
COMPRNFB,1968-04-01,61.426
COMPRNFB,1968-07-01,61.593
COMPRNFB,1968-10-01,62.047
COMPRNFB,1969-01-01,62.135
COMPRNFB,1969-04-01,62.159
COMPRNFB,1969-07-01,62.406
COMPRNFB,1969-10-01,62.644
COMPRNFB,1970-01-01,62.767
COMPRNFB,1970-04-01,62.876
COMPRNFB,1970-07-01,63.239
COMPRNFB,1970-10-01,62.941
COMPRNFB,1971-01-01,63.706
COMPRNFB,1971-04-01,64.051
COMPRNFB,1971-07-01,64.291
COMPRNFB,1971-10-01,64.26
COMPRNFB,1972-01-01,65.515
COMPRNFB,1972-04-01,65.859
COMPRNFB,1972-07-01,66.202
COMPRNFB,1972-10-01,66.761
COMPRNFB,1973-01-01,67.46
COMPRNFB,1973-04-01,67.001
COMPRNFB,1973-07-01,66.841
COMPRNFB,1973-10-01,66.509
COMPRNFB,1974-01-01,66.051
COMPRNFB,1974-04-01,66.001
COMPRNFB,1974-07-01,66.094
COMPRNFB,1974-10-01,65.88
COMPRNFB,1975-01-01,66.423
COMPRNFB,1975-04-01,67.024
COMPRNFB,1975-07-01,66.87
COMPRNFB,1975-10-01,66.737
COMPRNFB,1976-01-01,67.251
COMPRNFB,1976-04-01,67.906
COMPRNFB,1976-07-01,68.241
COMPRNFB,1976-10-01,68.694
COMPRNFB,1977-01-01,68.736
COMPRNFB,1977-04-01,68.938
COMPRNFB,1977-07-01,69.317
COMPRNFB,1977-10-01,69.492
COMPRNFB,1978-01-01,70.251
COMPRNFB,1978-04-01,69.936
COMPRNFB,1978-07-01,70.007
COMPRNFB,1978-10-01,70.369
COMPRNFB,1979-01-01,70.555
COMPRNFB,1979-04-01,70.275
COMPRNFB,1979-07-01,69.974
COMPRNFB,1979-10-01,69.986
COMPRNFB,1980-01-01,69.736
COMPRNFB,1980-04-01,69.905
COMPRNFB,1980-07-01,69.984
COMPRNFB,1980-10-01,70.191
COMPRNFB,1981-01-01,70.001
COMPRNFB,1981-04-01,69.905
COMPRNFB,1981-07-01,70.036
COMPRNFB,1981-10-01,69.974
COMPRNFB,1982-01-01,70.947
COMPRNFB,1982-04-01,70.748
COMPRNFB,1982-07-01,70.627
COMPRNFB,1982-10-01,70.885
COMPRNFB,1983-01-01,71.196
COMPRNFB,1983-04-01,71.024
COMPRNFB,1983-07-01,70.732
COMPRNFB,1983-10-01,70.887
COMPRNFB,1984-01-01,70.735
COMPRNFB,1984-04-01,70.837
COMPRNFB,1984-07-01,71.306
COMPRNFB,1984-10-01,71.287
COMPRNFB,1985-01-01,71.572
COMPRNFB,1985-04-01,71.623
COMPRNFB,1985-07-01,72.23
COMPRNFB,1985-10-01,72.906
COMPRNFB,1986-01-01,73.595
COMPRNFB,1986-04-01,74.832
COMPRNFB,1986-07-01,75.347
COMPRNFB,1986-10-01,75.861
COMPRNFB,1987-01-01,75.336
COMPRNFB,1987-04-01,75.083
COMPRNFB,1987-07-01,75.114
COMPRNFB,1987-10-01,75.404
COMPRNFB,1988-01-01,76.229
COMPRNFB,1988-04-01,76.347
COMPRNFB,1988-07-01,76.411
COMPRNFB,1988-10-01,76.286
COMPRNFB,1989-01-01,75.728
COMPRNFB,1989-04-01,74.905
COMPRNFB,1989-07-01,75.044
COMPRNFB,1989-10-01,75.444
COMPRNFB,1990-01-01,75.689
COMPRNFB,1990-04-01,76.463
COMPRNFB,1990-07-01,76.231
COMPRNFB,1990-10-01,75.627
COMPRNFB,1991-01-01,75.667
COMPRNFB,1991-04-01,76.766
COMPRNFB,1991-07-01,77.218
COMPRNFB,1991-10-01,77.683
COMPRNFB,1992-01-01,79.284
COMPRNFB,1992-04-01,79.471
COMPRNFB,1992-07-01,79.892
COMPRNFB,1992-10-01,79.703
COMPRNFB,1993-01-01,78.732
COMPRNFB,1993-04-01,78.734
COMPRNFB,1993-07-01,78.469
COMPRNFB,1993-10-01,78.498
COMPRNFB,1994-01-01,77.818
COMPRNFB,1994-04-01,78.053
COMPRNFB,1994-07-01,77.439
COMPRNFB,1994-10-01,77.684
COMPRNFB,1995-01-01,77.667
COMPRNFB,1995-04-01,77.716
COMPRNFB,1995-07-01,77.791
COMPRNFB,1995-10-01,78.03
COMPRNFB,1996-01-01,78.28
COMPRNFB,1996-04-01,78.337
COMPRNFB,1996-07-01,78.531
COMPRNFB,1996-10-01,78.373
COMPRNFB,1997-01-01,78.82
COMPRNFB,1997-04-01,79.346
COMPRNFB,1997-07-01,79.782
COMPRNFB,1997-10-01,80.832
COMPRNFB,1998-01-01,82.069
COMPRNFB,1998-04-01,82.867
COMPRNFB,1998-07-01,83.83
COMPRNFB,1998-10-01,83.952
COMPRNFB,1999-01-01,85.138
COMPRNFB,1999-04-01,84.872
COMPRNFB,1999-07-01,84.945
COMPRNFB,1999-10-01,86.02
COMPRNFB,2000-01-01,88.149
COMPRNFB,2000-04-01,87.696
COMPRNFB,2000-07-01,88.576
COMPRNFB,2000-10-01,88.473
COMPRNFB,2001-01-01,89.583
COMPRNFB,2001-04-01,89.313
COMPRNFB,2001-07-01,89.158
COMPRNFB,2001-10-01,90.091
COMPRNFB,2002-01-01,90.172
COMPRNFB,2002-04-01,90.267
COMPRNFB,2002-07-01,90.247
COMPRNFB,2002-10-01,89.928
COMPRNFB,2003-01-01,89.547
COMPRNFB,2003-04-01,91.259
COMPRNFB,2003-07-01,91.947
COMPRNFB,2003-10-01,92.89
COMPRNFB,2004-01-01,91.907
COMPRNFB,2004-04-01,92.947
COMPRNFB,2004-07-01,94.071
COMPRNFB,2004-10-01,93.425
COMPRNFB,2005-01-01,93.528
COMPRNFB,2005-04-01,93.507
COMPRNFB,2005-07-01,93.329
COMPRNFB,2005-10-01,93.01
COMPRNFB,2006-01-01,94.268
COMPRNFB,2006-04-01,93.57
COMPRNFB,2006-07-01,92.961
COMPRNFB,2006-10-01,94.816
COMPRNFB,2007-01-01,96.047
COMPRNFB,2007-04-01,94.915
COMPRNFB,2007-07-01,94.735
COMPRNFB,2007-10-01,94.728
COMPRNFB,2008-01-01,94.591
COMPRNFB,2008-04-01,93.532
COMPRNFB,2008-07-01,93.071
COMPRNFB,2008-10-01,96.489
COMPRNFB,2009-01-01,94.543
COMPRNFB,2009-04-01,96.532
COMPRNFB,2009-07-01,96.48
COMPRNFB,2009-10-01,96.171
COMPRNFB,2010-01-01,95.086
COMPRNFB,2010-04-01,96.265
COMPRNFB,2010-07-01,96.557
COMPRNFB,2010-10-01,96.098
COMPRNFB,2011-01-01,96.881
COMPRNFB,2011-04-01,94.949
COMPRNFB,2011-07-01,95.088
COMPRNFB,2011-10-01,93.257
COMPRNFB,2012-01-01,94.939
COMPRNFB,2012-04-01,95.228
COMPRNFB,2012-07-01,94.783
COMPRNFB,2012-10-01,96.558
COMPRNFB,2013-01-01,94.71
COMPRNFB,2013-04-01,95.446
COMPRNFB,2013-07-01,94.706
COMPRNFB,2013-10-01,95.111
COMPRNFB,2014-01-01,96.315
COMPRNFB,2014-04-01,95.265
COMPRNFB,2014-07-01,95.524
COMPRNFB,2014-10-01,96.795
COMPRNFB,2015-01-01,98.538
COMPRNFB,2015-04-01,98.731
COMPRNFB,2015-07-01,98.958
COMPRNFB,2015-10-01,98.762
COMPRNFB,2016-01-01,98.854
COMPRNFB,2016-04-01,98.418
COMPRNFB,2016-07-01,98.422
COMPRNFB,2016-10-01,98.871
COMPRNFB,2017-01-01,99.152
COMPRNFB,2017-04-01,99.649
COMPRNFB,2017-07-01,100.452
COMPRNFB,2017-10-01,101
COMPRNFB,2018-01-01,100.754
COMPRNFB,2018-04-01,100.738
COMPRNFB,2018-07-01,101.285
COMPRNFB,2018-10-01,101.218
COMPRNFB,2019-01-01,103.354
COMPRNFB,2019-04-01,102.604
COMPRNFB,2019-07-01,102.299
COMPRNFB,2019-10-01,103.334
COMPRNFB,2020-01-01,105.387
COMPRNFB,2020-04-01,112.562
COMPRNFB,2020-07-01,109.625
COMPRNFB,2020-10-01,111.637
COMPRNFB,2021-01-01,110.56
COMPRNFB,2021-04-01,110.218
COMPRNFB,2021-07-01,109.915
COMPRNFB,2021-10-01,109.124
COMPRNFB,2022-01-01,107.253
COMPRNFB,2022-04-01,104.876
COMPRNFB,2022-07-01,105.358
COMPRNFB,2022-10-01,104.401
COMPRNFB,2023-01-01,104.274
COMPRNFB,2023-04-01,105.19
COMPRNFB,2023-07-01,105.896
COMPRNFB,2023-10-01,106.488
COMPRNFB,2024-01-01,107.023
COMPRNFB,2024-04-01,107.558
COMPRNFB,2024-07-01,108.48
COMPRNFB,2024-10-01,108.781
COMPRNFB,2025-01-01,109.465
COMPRNFB,2025-04-01,109.337
COMPRNFB,2025-07-01,110.158
COMPRNFB,2025-10-01,110.486
COMPRNFB,2026-01-01,110.109
COMPRNFB,2026-04-01,109.198
CPIAUCSL,1947-01-01,21.7
CPIAUCSL,1947-04-01,22.01
CPIAUCSL,1947-07-01,22.49
CPIAUCSL,1947-10-01,23.127
CPIAUCSL,1948-01-01,23.617
CPIAUCSL,1948-04-01,23.993
CPIAUCSL,1948-07-01,24.397
CPIAUCSL,1948-10-01,24.173
CPIAUCSL,1949-01-01,23.943
CPIAUCSL,1949-04-01,23.917
CPIAUCSL,1949-07-01,23.717
CPIAUCSL,1949-10-01,23.66
CPIAUCSL,1950-01-01,23.587
CPIAUCSL,1950-04-01,23.767
CPIAUCSL,1950-07-01,24.203
CPIAUCSL,1950-10-01,24.693
CPIAUCSL,1951-01-01,25.697
CPIAUCSL,1951-04-01,25.947
CPIAUCSL,1951-07-01,25.933
CPIAUCSL,1951-10-01,26.317
CPIAUCSL,1952-01-01,26.417
CPIAUCSL,1952-04-01,26.487
CPIAUCSL,1952-07-01,26.667
CPIAUCSL,1952-10-01,26.697
CPIAUCSL,1953-01-01,26.62
CPIAUCSL,1953-04-01,26.72
CPIAUCSL,1953-07-01,26.843
CPIAUCSL,1953-10-01,26.89
CPIAUCSL,1954-01-01,26.953
CPIAUCSL,1954-04-01,26.91
CPIAUCSL,1954-07-01,26.84
CPIAUCSL,1954-10-01,26.757
CPIAUCSL,1955-01-01,26.793
CPIAUCSL,1955-04-01,26.757
CPIAUCSL,1955-07-01,26.777
CPIAUCSL,1955-10-01,26.857
CPIAUCSL,1956-01-01,26.86
CPIAUCSL,1956-04-01,27.037
CPIAUCSL,1956-07-01,27.317
CPIAUCSL,1956-10-01,27.55
CPIAUCSL,1957-01-01,27.777
CPIAUCSL,1957-04-01,28.013
CPIAUCSL,1957-07-01,28.263
CPIAUCSL,1957-10-01,28.4
CPIAUCSL,1958-01-01,28.737
CPIAUCSL,1958-04-01,28.93
CPIAUCSL,1958-07-01,28.913
CPIAUCSL,1958-10-01,28.943
CPIAUCSL,1959-01-01,28.993
CPIAUCSL,1959-04-01,29.043
CPIAUCSL,1959-07-01,29.193
CPIAUCSL,1959-10-01,29.37
CPIAUCSL,1960-01-01,29.397
CPIAUCSL,1960-04-01,29.573
CPIAUCSL,1960-07-01,29.59
CPIAUCSL,1960-10-01,29.78
CPIAUCSL,1961-01-01,29.84
CPIAUCSL,1961-04-01,29.83
CPIAUCSL,1961-07-01,29.947
CPIAUCSL,1961-10-01,29.99
CPIAUCSL,1962-01-01,30.107
CPIAUCSL,1962-04-01,30.22
CPIAUCSL,1962-07-01,30.307
CPIAUCSL,1962-10-01,30.38
CPIAUCSL,1963-01-01,30.477
CPIAUCSL,1963-04-01,30.533
CPIAUCSL,1963-07-01,30.72
CPIAUCSL,1963-10-01,30.803
CPIAUCSL,1964-01-01,30.93
CPIAUCSL,1964-04-01,30.98
CPIAUCSL,1964-07-01,31.05
CPIAUCSL,1964-10-01,31.193
CPIAUCSL,1965-01-01,31.29
CPIAUCSL,1965-04-01,31.49
CPIAUCSL,1965-07-01,31.583
CPIAUCSL,1965-10-01,31.75
CPIAUCSL,1966-01-01,32.047
CPIAUCSL,1966-04-01,32.337
CPIAUCSL,1966-07-01,32.617
CPIAUCSL,1966-10-01,32.883
CPIAUCSL,1967-01-01,32.967
CPIAUCSL,1967-04-01,33.167
CPIAUCSL,1967-07-01,33.5
CPIAUCSL,1967-10-01,33.867
CPIAUCSL,1968-01-01,34.2
CPIAUCSL,1968-04-01,34.533
CPIAUCSL,1968-07-01,35
CPIAUCSL,1968-10-01,35.433
CPIAUCSL,1969-01-01,35.867
CPIAUCSL,1969-04-01,36.433
CPIAUCSL,1969-07-01,36.933
CPIAUCSL,1969-10-01,37.5
CPIAUCSL,1970-01-01,38.1
CPIAUCSL,1970-04-01,38.633
CPIAUCSL,1970-07-01,39.033
CPIAUCSL,1970-10-01,39.6
CPIAUCSL,1971-01-01,39.933
CPIAUCSL,1971-04-01,40.3
CPIAUCSL,1971-07-01,40.7
CPIAUCSL,1971-10-01,41
CPIAUCSL,1972-01-01,41.333
CPIAUCSL,1972-04-01,41.6
CPIAUCSL,1972-07-01,41.933
CPIAUCSL,1972-10-01,42.367
CPIAUCSL,1973-01-01,43.033
CPIAUCSL,1973-04-01,43.933
CPIAUCSL,1973-07-01,44.8
CPIAUCSL,1973-10-01,45.933
CPIAUCSL,1974-01-01,47.3
CPIAUCSL,1974-04-01,48.567
CPIAUCSL,1974-07-01,49.933
CPIAUCSL,1974-10-01,51.467
CPIAUCSL,1975-01-01,52.567
CPIAUCSL,1975-04-01,53.2
CPIAUCSL,1975-07-01,54.267
CPIAUCSL,1975-10-01,55.267
CPIAUCSL,1976-01-01,55.9
CPIAUCSL,1976-04-01,56.4
CPIAUCSL,1976-07-01,57.3
CPIAUCSL,1976-10-01,58.133
CPIAUCSL,1977-01-01,59.2
CPIAUCSL,1977-04-01,60.233
CPIAUCSL,1977-07-01,61.067
CPIAUCSL,1977-10-01,61.967
CPIAUCSL,1978-01-01,63.033
CPIAUCSL,1978-04-01,64.467
CPIAUCSL,1978-07-01,65.967
CPIAUCSL,1978-10-01,67.5
CPIAUCSL,1979-01-01,69.2
CPIAUCSL,1979-04-01,71.4
CPIAUCSL,1979-07-01,73.7
CPIAUCSL,1979-10-01,76.033
CPIAUCSL,1980-01-01,79.033
CPIAUCSL,1980-04-01,81.7
CPIAUCSL,1980-07-01,83.233
CPIAUCSL,1980-10-01,85.567
CPIAUCSL,1981-01-01,87.933
CPIAUCSL,1981-04-01,89.767
CPIAUCSL,1981-07-01,92.267
CPIAUCSL,1981-10-01,93.767
CPIAUCSL,1982-01-01,94.6
CPIAUCSL,1982-04-01,95.967
CPIAUCSL,1982-07-01,97.633
CPIAUCSL,1982-10-01,97.933
CPIAUCSL,1983-01-01,98
CPIAUCSL,1983-04-01,99.133
CPIAUCSL,1983-07-01,100.1
CPIAUCSL,1983-10-01,101.1
CPIAUCSL,1984-01-01,102.533
CPIAUCSL,1984-04-01,103.5
CPIAUCSL,1984-07-01,104.4
CPIAUCSL,1984-10-01,105.3
CPIAUCSL,1985-01-01,106.267
CPIAUCSL,1985-04-01,107.233
CPIAUCSL,1985-07-01,107.9
CPIAUCSL,1985-10-01,109
CPIAUCSL,1986-01-01,109.567
CPIAUCSL,1986-04-01,109.033
CPIAUCSL,1986-07-01,109.7
CPIAUCSL,1986-10-01,110.467
CPIAUCSL,1987-01-01,111.8
CPIAUCSL,1987-04-01,113.067
CPIAUCSL,1987-07-01,114.267
CPIAUCSL,1987-10-01,115.333
CPIAUCSL,1988-01-01,116.233
CPIAUCSL,1988-04-01,117.567
CPIAUCSL,1988-07-01,119
CPIAUCSL,1988-10-01,120.3
CPIAUCSL,1989-01-01,121.667
CPIAUCSL,1989-04-01,123.633
CPIAUCSL,1989-07-01,124.6
CPIAUCSL,1989-10-01,125.867
CPIAUCSL,1990-01-01,128.033
CPIAUCSL,1990-04-01,129.3
CPIAUCSL,1990-07-01,131.533
CPIAUCSL,1990-10-01,133.767
CPIAUCSL,1991-01-01,134.767
CPIAUCSL,1991-04-01,135.567
CPIAUCSL,1991-07-01,136.6
CPIAUCSL,1991-10-01,137.733
CPIAUCSL,1992-01-01,138.667
CPIAUCSL,1992-04-01,139.733
CPIAUCSL,1992-07-01,140.8
CPIAUCSL,1992-10-01,142.033
CPIAUCSL,1993-01-01,143.067
CPIAUCSL,1993-04-01,144.1
CPIAUCSL,1993-07-01,144.767
CPIAUCSL,1993-10-01,145.967
CPIAUCSL,1994-01-01,146.7
CPIAUCSL,1994-04-01,147.533
CPIAUCSL,1994-07-01,148.9
CPIAUCSL,1994-10-01,149.767
CPIAUCSL,1995-01-01,150.867
CPIAUCSL,1995-04-01,152.1
CPIAUCSL,1995-07-01,152.867
CPIAUCSL,1995-10-01,153.7
CPIAUCSL,1996-01-01,155.067
CPIAUCSL,1996-04-01,156.4
CPIAUCSL,1996-07-01,157.3
CPIAUCSL,1996-10-01,158.667
CPIAUCSL,1997-01-01,159.633
CPIAUCSL,1997-04-01,160
CPIAUCSL,1997-07-01,160.8
CPIAUCSL,1997-10-01,161.667
CPIAUCSL,1998-01-01,162
CPIAUCSL,1998-04-01,162.533
CPIAUCSL,1998-07-01,163.367
CPIAUCSL,1998-10-01,164.133
CPIAUCSL,1999-01-01,164.733
CPIAUCSL,1999-04-01,165.967
CPIAUCSL,1999-07-01,167.2
CPIAUCSL,1999-10-01,168.433
CPIAUCSL,2000-01-01,170.1
CPIAUCSL,2000-04-01,171.433
CPIAUCSL,2000-07-01,173
CPIAUCSL,2000-10-01,174.233
CPIAUCSL,2001-01-01,175.9
CPIAUCSL,2001-04-01,177.133
CPIAUCSL,2001-07-01,177.633
CPIAUCSL,2001-10-01,177.5
CPIAUCSL,2002-01-01,178.067
CPIAUCSL,2002-04-01,179.467
CPIAUCSL,2002-07-01,180.433
CPIAUCSL,2002-10-01,181.5
CPIAUCSL,2003-01-01,183.367
CPIAUCSL,2003-04-01,183.067
CPIAUCSL,2003-07-01,184.433
CPIAUCSL,2003-10-01,185.133
CPIAUCSL,2004-01-01,186.7
CPIAUCSL,2004-04-01,188.167
CPIAUCSL,2004-07-01,189.367
CPIAUCSL,2004-10-01,191.4
CPIAUCSL,2005-01-01,192.367
CPIAUCSL,2005-04-01,193.667
CPIAUCSL,2005-07-01,196.6
CPIAUCSL,2005-10-01,198.433
CPIAUCSL,2006-01-01,199.467
CPIAUCSL,2006-04-01,201.267
CPIAUCSL,2006-07-01,203.167
CPIAUCSL,2006-10-01,202.333
CPIAUCSL,2007-01-01,204.317
CPIAUCSL,2007-04-01,206.631
CPIAUCSL,2007-07-01,207.939
CPIAUCSL,2007-10-01,210.49
CPIAUCSL,2008-01-01,212.77
CPIAUCSL,2008-04-01,215.538
CPIAUCSL,2008-07-01,218.861
CPIAUCSL,2008-10-01,213.849
CPIAUCSL,2009-01-01,212.378
CPIAUCSL,2009-04-01,213.507
CPIAUCSL,2009-07-01,215.344
CPIAUCSL,2009-10-01,217.03
CPIAUCSL,2010-01-01,217.374
CPIAUCSL,2010-04-01,217.297
CPIAUCSL,2010-07-01,217.934
CPIAUCSL,2010-10-01,219.699
CPIAUCSL,2011-01-01,222.044
CPIAUCSL,2011-04-01,224.568
CPIAUCSL,2011-07-01,226.033
CPIAUCSL,2011-10-01,227.047
CPIAUCSL,2012-01-01,228.326
CPIAUCSL,2012-04-01,228.808
CPIAUCSL,2012-07-01,229.841
CPIAUCSL,2012-10-01,231.369
CPIAUCSL,2013-01-01,232.299
CPIAUCSL,2013-04-01,232.045
CPIAUCSL,2013-07-01,233.3
CPIAUCSL,2013-10-01,234.163
CPIAUCSL,2014-01-01,235.621
CPIAUCSL,2014-04-01,236.872
CPIAUCSL,2014-07-01,237.478
CPIAUCSL,2014-10-01,236.888
CPIAUCSL,2015-01-01,235.355
CPIAUCSL,2015-04-01,236.96
CPIAUCSL,2015-07-01,237.855
CPIAUCSL,2015-10-01,237.837
CPIAUCSL,2016-01-01,237.689
CPIAUCSL,2016-04-01,239.59
CPIAUCSL,2016-07-01,240.607
CPIAUCSL,2016-10-01,242.135
CPIAUCSL,2017-01-01,243.839
CPIAUCSL,2017-04-01,244.12
CPIAUCSL,2017-07-01,245.287
CPIAUCSL,2017-10-01,247.238
CPIAUCSL,2018-01-01,249.322
CPIAUCSL,2018-04-01,250.679
CPIAUCSL,2018-07-01,251.686
CPIAUCSL,2018-10-01,252.711
CPIAUCSL,2019-01-01,253.386
CPIAUCSL,2019-04-01,255.247
CPIAUCSL,2019-07-01,256.089
CPIAUCSL,2019-10-01,257.888
CPIAUCSL,2020-01-01,258.818
CPIAUCSL,2020-04-01,256.292
CPIAUCSL,2020-07-01,259.222
CPIAUCSL,2020-10-01,261.092
CPIAUCSL,2021-01-01,263.742
CPIAUCSL,2021-04-01,268.55
CPIAUCSL,2021-07-01,272.83
CPIAUCSL,2021-10-01,278.771
CPIAUCSL,2022-01-01,284.906
CPIAUCSL,2022-04-01,291.605
CPIAUCSL,2022-07-01,295.453
CPIAUCSL,2022-10-01,298.542
CPIAUCSL,2023-01-01,301.23
CPIAUCSL,2023-04-01,303.398
CPIAUCSL,2023-07-01,305.989
CPIAUCSL,2023-10-01,308.195
CPIAUCSL,2024-01-01,311.003
CPIAUCSL,2024-04-01,313.081
CPIAUCSL,2024-07-01,314.121
CPIAUCSL,2024-10-01,316.588
CPIAUCSL,2025-01-01,319.475
CPIAUCSL,2025-04-01,320.786
CPIAUCSL,2025-07-01,323.235
CPIAUCSL,2025-10-01,325.547
CPIAUCSL,2026-01-01,328.114
CPIAUCSL,2026-04-01,332.985
CPIAUCSL,2026-07-01,NA
AHETPI,1964-01-01,2.5
AHETPI,1964-04-01,2.52
AHETPI,1964-07-01,2.55
AHETPI,1964-10-01,2.56
AHETPI,1965-01-01,2.59
AHETPI,1965-04-01,2.62
AHETPI,1965-07-01,2.64
AHETPI,1965-10-01,2.67
AHETPI,1966-01-01,2.69
AHETPI,1966-04-01,2.72
AHETPI,1966-07-01,2.75
AHETPI,1966-10-01,2.78
AHETPI,1967-01-01,2.81
AHETPI,1967-04-01,2.83
AHETPI,1967-07-01,2.87
AHETPI,1967-10-01,2.91
AHETPI,1968-01-01,2.95
AHETPI,1968-04-01,3
AHETPI,1968-07-01,3.05
AHETPI,1968-10-01,3.1
AHETPI,1969-01-01,3.14
AHETPI,1969-04-01,3.19
AHETPI,1969-07-01,3.24
AHETPI,1969-10-01,3.3
AHETPI,1970-01-01,3.33
AHETPI,1970-04-01,3.38
AHETPI,1970-07-01,3.43
AHETPI,1970-10-01,3.47
AHETPI,1971-01-01,3.55
AHETPI,1971-04-01,3.6
AHETPI,1971-07-01,3.65
AHETPI,1971-10-01,3.7
AHETPI,1972-01-01,3.82
AHETPI,1972-04-01,3.87
AHETPI,1972-07-01,3.92
AHETPI,1972-10-01,3.99
AHETPI,1973-01-01,4.05
AHETPI,1973-04-01,4.1
AHETPI,1973-07-01,4.17
AHETPI,1973-10-01,4.23
AHETPI,1974-01-01,4.29
AHETPI,1974-04-01,4.39
AHETPI,1974-07-01,4.49
AHETPI,1974-10-01,4.58
AHETPI,1975-01-01,4.64
AHETPI,1975-04-01,4.69
AHETPI,1975-07-01,4.77
AHETPI,1975-10-01,4.85
AHETPI,1976-01-01,4.93
AHETPI,1976-04-01,5.01
AHETPI,1976-07-01,5.1
AHETPI,1976-10-01,5.2
AHETPI,1977-01-01,5.29
AHETPI,1977-04-01,5.39
AHETPI,1977-07-01,5.48
AHETPI,1977-10-01,5.58
AHETPI,1978-01-01,5.69
AHETPI,1978-04-01,5.82
AHETPI,1978-07-01,5.93
AHETPI,1978-10-01,6.06
AHETPI,1979-01-01,6.18
AHETPI,1979-04-01,6.27
AHETPI,1979-07-01,6.4
AHETPI,1979-10-01,6.51
AHETPI,1980-01-01,6.63
AHETPI,1980-04-01,6.77
AHETPI,1980-07-01,6.91
AHETPI,1980-10-01,7.08
AHETPI,1981-01-01,7.23
AHETPI,1981-04-01,7.37
AHETPI,1981-07-01,7.51
AHETPI,1981-10-01,7.62
AHETPI,1982-01-01,7.73
AHETPI,1982-04-01,7.82
AHETPI,1982-07-01,7.93
AHETPI,1982-10-01,7.98
AHETPI,1983-01-01,8.08
AHETPI,1983-04-01,8.16
AHETPI,1983-07-01,8.23
AHETPI,1983-10-01,8.32
AHETPI,1984-01-01,8.39
AHETPI,1984-04-01,8.46
AHETPI,1984-07-01,8.52
AHETPI,1984-10-01,8.58
AHETPI,1985-01-01,8.64
AHETPI,1985-04-01,8.71
AHETPI,1985-07-01,8.77
AHETPI,1985-10-01,8.82
AHETPI,1986-01-01,8.87
AHETPI,1986-04-01,8.9
AHETPI,1986-07-01,8.93
AHETPI,1986-10-01,8.99
AHETPI,1987-01-01,9.05
AHETPI,1987-04-01,9.1
AHETPI,1987-07-01,9.16
AHETPI,1987-10-01,9.26
AHETPI,1988-01-01,9.3
AHETPI,1988-04-01,9.39
AHETPI,1988-07-01,9.47
AHETPI,1988-10-01,9.58
AHETPI,1989-01-01,9.68
AHETPI,1989-04-01,9.75
AHETPI,1989-07-01,9.84
AHETPI,1989-10-01,9.94
AHETPI,1990-01-01,10.07
AHETPI,1990-04-01,10.16
AHETPI,1990-07-01,10.24
AHETPI,1990-10-01,10.32
AHETPI,1991-01-01,10.39
AHETPI,1991-04-01,10.49
AHETPI,1991-07-01,10.56
AHETPI,1991-10-01,10.61
AHETPI,1992-01-01,10.66
AHETPI,1992-04-01,10.74
AHETPI,1992-07-01,10.81
AHETPI,1992-10-01,10.87
AHETPI,1993-01-01,10.96
AHETPI,1993-04-01,11.01
AHETPI,1993-07-01,11.07
AHETPI,1993-10-01,11.15
AHETPI,1994-01-01,11.23
AHETPI,1994-04-01,11.29
AHETPI,1994-07-01,11.36
AHETPI,1994-10-01,11.45
AHETPI,1995-01-01,11.52
AHETPI,1995-04-01,11.59
AHETPI,1995-07-01,11.7
AHETPI,1995-10-01,11.78
AHETPI,1996-01-01,11.87
AHETPI,1996-04-01,11.99
AHETPI,1996-07-01,12.09
AHETPI,1996-10-01,12.2
AHETPI,1997-01-01,12.32
AHETPI,1997-04-01,12.43
AHETPI,1997-07-01,12.56
AHETPI,1997-10-01,12.71
AHETPI,1998-01-01,12.83
AHETPI,1998-04-01,12.96
AHETPI,1998-07-01,13.06
AHETPI,1998-10-01,13.17
AHETPI,1999-01-01,13.3
AHETPI,1999-04-01,13.42
AHETPI,1999-07-01,13.55
AHETPI,1999-10-01,13.67
AHETPI,2000-01-01,13.8
AHETPI,2000-04-01,13.93
AHETPI,2000-07-01,14.07
AHETPI,2000-10-01,14.23
AHETPI,2001-01-01,14.36
AHETPI,2001-04-01,14.49
AHETPI,2001-07-01,14.59
AHETPI,2001-10-01,14.71
AHETPI,2002-01-01,14.79
AHETPI,2002-04-01,14.88
AHETPI,2002-07-01,15.01
AHETPI,2002-10-01,15.16
AHETPI,2003-01-01,15.25
AHETPI,2003-04-01,15.32
AHETPI,2003-07-01,15.41
AHETPI,2003-10-01,15.45
AHETPI,2004-01-01,15.53
AHETPI,2004-04-01,15.63
AHETPI,2004-07-01,15.73
AHETPI,2004-10-01,15.84
AHETPI,2005-01-01,15.93
AHETPI,2005-04-01,16.04
AHETPI,2005-07-01,16.17
AHETPI,2005-10-01,16.31
AHETPI,2006-01-01,16.48
AHETPI,2006-04-01,16.67
AHETPI,2006-07-01,16.82
AHETPI,2006-10-01,16.99
AHETPI,2007-01-01,17.16
AHETPI,2007-04-01,17.34
AHETPI,2007-07-01,17.5
AHETPI,2007-10-01,17.63
AHETPI,2008-01-01,17.8
AHETPI,2008-04-01,17.98
AHETPI,2008-07-01,18.16
AHETPI,2008-10-01,18.32
AHETPI,2009-01-01,18.44
AHETPI,2009-04-01,18.54
AHETPI,2009-07-01,18.65
AHETPI,2009-10-01,18.79
AHETPI,2010-01-01,18.9
AHETPI,2010-04-01,19
AHETPI,2010-07-01,19.09
AHETPI,2010-10-01,19.22
AHETPI,2011-01-01,19.31
AHETPI,2011-04-01,19.39
AHETPI,2011-07-01,19.48
AHETPI,2011-10-01,19.56
AHETPI,2012-01-01,19.6
AHETPI,2012-04-01,19.69
AHETPI,2012-07-01,19.76
AHETPI,2012-10-01,19.84
AHETPI,2013-01-01,19.98
AHETPI,2013-04-01,20.07
AHETPI,2013-07-01,20.18
AHETPI,2013-10-01,20.3
AHETPI,2014-01-01,20.47
AHETPI,2014-04-01,20.55
AHETPI,2014-07-01,20.64
AHETPI,2014-10-01,20.73
AHETPI,2015-01-01,20.85
AHETPI,2015-04-01,20.97
AHETPI,2015-07-01,21.08
AHETPI,2015-10-01,21.21
AHETPI,2016-01-01,21.34
AHETPI,2016-04-01,21.49
AHETPI,2016-07-01,21.6
AHETPI,2016-10-01,21.73
AHETPI,2017-01-01,21.85
AHETPI,2017-04-01,21.98
AHETPI,2017-07-01,22.12
AHETPI,2017-10-01,22.23
AHETPI,2018-01-01,22.42
AHETPI,2018-04-01,22.6
AHETPI,2018-07-01,22.78
AHETPI,2018-10-01,23
AHETPI,2019-01-01,23.2
AHETPI,2019-04-01,23.4
AHETPI,2019-07-01,23.61
AHETPI,2019-10-01,23.81
AHETPI,2020-01-01,24.02
AHETPI,2020-04-01,24.97
AHETPI,2020-07-01,24.77
AHETPI,2020-10-01,24.98
AHETPI,2021-01-01,25.25
AHETPI,2021-04-01,25.67
AHETPI,2021-07-01,26.13
AHETPI,2021-10-01,26.59
AHETPI,2022-01-01,26.99
AHETPI,2022-04-01,27.4
AHETPI,2022-07-01,27.76
AHETPI,2022-10-01,28.11
AHETPI,2023-01-01,28.43
AHETPI,2023-04-01,28.79
AHETPI,2023-07-01,29.08
AHETPI,2023-10-01,29.37
AHETPI,2024-01-01,29.68
AHETPI,2024-04-01,29.96
AHETPI,2024-07-01,30.27
AHETPI,2024-10-01,30.57
AHETPI,2025-01-01,30.9
AHETPI,2025-04-01,31.2
AHETPI,2025-07-01,31.48
AHETPI,2025-10-01,31.77
AHETPI,2026-01-01,32.03
AHETPI,2026-04-01,32.31
AHETPI,2026-07-01,32.52
