year,age_group,lfp,population,n,share
1990,16-24,0.6536439121412038,33574626.050000094,18366,0.17799197598008154
1990,25-54,0.8336012639119076,105266247.76000112,62320,0.5580567722454612
1990,55-64,0.5564741375021,20709967.459999997,13013,0.10979148435485193
1990,65+,0.12249761053936493,29079156.60000001,18431,0.15415976741960516
1991,16-24,0.639694616145086,33136462.969999924,17940,0.17405359219963215
1991,25-54,0.83394527170427,106968832.8800012,62495,0.5618677416784769
1991,55-64,0.555294402513563,20692953.590000097,12677,0.10869243675224396
1991,65+,0.11939973308749267,29582555.41000035,18474,0.15538622936964702
1992,16-24,0.6307918387834475,32668129.600000095,17314,0.16996635134840876
1992,25-54,0.8357872481866102,108842761.85999954,61942,0.56628914267647
1992,55-64,0.5654687909673883,20644509.009999882,12114,0.10740963485736324
1992,65+,0.11919525132828139,30048111.229999922,18359,0.1563348711177581
1993,16-24,0.6340669012498322,32482237.11,16890,0.16722082581602482
1993,25-54,0.8337209610555649,110641127.74999867,61555,0.5695882549258037
1993,55-64,0.5695276329609078,20559521.720000006,11929,0.10584185408037927
1993,65+,0.10888927031763643,30564671.710000005,18488,0.15734906517779226
1994,16-24,0.6357001754758177,32453593.812300004,16189,0.16539989654102227
1994,25-54,0.834671683921544,112271179.17170009,59764,0.5721906032021582
1994,55-64,0.5652448783194639,20607331.424800184,11462,0.10502536345779663
1994,65+,0.12166423338133853,30880798.32569996,17970,0.1573841367990229
1995,16-24,0.6443197621046169,32336180.04350002,15959,0.1633083257316856
1995,25-54,0.8359381337113327,113681746.497902,59364,0.5741301434446374
1995,55-64,0.5718363426383108,20660507.268900003,11399,0.10434234490012381
1995,65+,0.12258652408381404,31328495.099300083,17576,0.158219185923553
1996,16-24,0.6355829752219528,32244635.256699797,13816,0.16128662871624835
1996,25-54,0.8368230546072399,115079533.74480037,51401,0.5756241273679791
1996,55-64,0.5816741446927617,20938999.746900015,9933,0.10473620343297789
1996,65+,0.12156953934767141,31658148.43299987,15198,0.15835304048279464
1997,16-24,0.6392163187138463,32618328.02649997,13998,0.16106759447904556
1997,25-54,0.8424285188623983,116551902.39510307,51983,0.5755271862949046
1997,55-64,0.5959458235158149,21434730.900100082,10118,0.10584357792894643
1997,65+,0.12343614670483252,31908325.922699884,15393,0.15756164129710337
1998,16-24,0.6460483053264762,32991577.387899794,13711,0.16129127939745597
1998,25-54,0.8446741277393892,117252408.04340039,51996,0.5732308790027365
1998,55-64,0.6008196365072374,22177289.76130013,10338,0.10842171615838302
1998,65+,0.12108407682047435,32125291.18809991,15063,0.15705612544142444
1999,16-24,0.6389509906692376,33888901.13500012,13761,0.1636860704421861
1999,25-54,0.8415978594785417,117862449.86549747,52064,0.5692849465469214
1999,55-64,0.6024086313391229,22897754.38199992,10525,0.11059796308558889
1999,65+,0.12658300942484582,32386844.857200354,15219,0.15643101992530367
2000,16-24,0.6387896799932516,34234635.52859994,14096,0.1616579308918093
2000,25-54,0.8446970494521708,120175082.06100161,52264,0.5674736947178888
2000,55-64,0.6012967533376243,23979928.007700134,10719,0.11323460830832703
2000,65+,0.13682979475839238,33382429.79510023,15231,0.15763376608197485
2001,16-24,0.6417285554798227,34587440.05259996,13605,0.16139347053316738
2001,25-54,0.8425367029936333,121484395.11669824,50243,0.5668759559449571
2001,55-64,0.6075805971890142,24597465.73399997,10533,0.11477780243619103
2001,65+,0.13299101770217567,33635775.61770035,14847,0.15695277108568437
2002,16-24,0.6244637325403213,35241956.89840032,16063,0.16253754351200927
2002,25-54,0.8382804541777257,121933129.39779864,59929,0.5623612611009621
2002,55-64,0.6187125736537977,25918700.18059988,13231,0.11953825011829007
2002,65+,0.1331633598254807,33729700.18919984,17556,0.15556294526873868
2003,16-24,0.5965421189424348,35775684.17790019,16502,0.16238262772950998
2003,25-54,0.8341782448883731,123042612.97900192,60304,0.5584794051423825
2003,55-64,0.6249390117278366,27350529.09970018,14041,0.12414160307646191
2003,65+,0.14498191759251655,34148363.32289996,17476,0.15499636405164563
2004,16-24,0.5889886353247007,36340276.00210003,16164,0.1632905317582127
2004,25-54,0.8287404201975914,123198270.9974005,58260,0.5535761803706553
2004,55-64,0.6286178445257201,28524545.00289992,14401,0.12817151199994828
2004,65+,0.14970822572380382,34486713.0035,17308,0.1549617758711838
2005,16-24,0.5911955543197445,36588812.000099964,15943,0.16244621990977273
2005,25-54,0.8255872314815036,123911911.9968999,57031,0.5501414395644716
2005,55-64,0.631023870668032,29819875.000100274,14371,0.1323936391248502
2005,65+,0.14943029101488883,34915864.00230011,17395,0.15501870140090543
2006,16-24,0.5913567457931344,36821303.97920081,15932,0.1615148527458362
2006,25-54,0.8290067012958711,124675793.02909935,56168,0.5468842809977638
2006,55-64,0.6380174474010801,31031303.00079989,14906,0.13611729605004616
2006,65+,0.15067801023810903,35446324.00680037,17188,0.15548357020635373
2007,16-24,0.5821376392045795,37323903.003399946,15502,0.16155182730769505
2007,25-54,0.8298786517435076,125492849.03039688,55383,0.5431800386219667
2007,55-64,0.6407972839610411,32213014.00639978,15389,0.1394299860694688
2007,65+,0.16479917228656857,36003851.00649917,17150,0.15583814800086945
2008,16-24,0.5664126257063108,37395600.995099865,15457,0.16049972013643116
2008,25-54,0.8321608181015623,125520906.00659709,54932,0.5387283463627166
2008,55-64,0.649038406630888,33203955.99710012,15792,0.14250942632678262
2008,65+,0.16856445235204395,36874341.997199915,17521,0.1582625071740696
2009,16-24,0.562260484662187,37519757.01080016,15746,0.15960035492893812
2009,25-54,0.8264956054500964,125500253.00619811,55380,0.5338490043444337
2009,55-64,0.6522840738253607,34292016.00450061,16055,0.14587029238946567
2009,65+,0.1711017947873361,37773647.98909961,17859,0.16068034833716255
2010,16-24,0.5393522145235791,37949810.99869992,15731,0.16001829569900392
2010,25-54,0.8250891520742922,125214913.0316008,55376,0.5279783074572406
2010,55-64,0.6595350384706739,35525562.00869984,16338,0.14979626345375416
2010,65+,0.17310440333335292,38468913.99450003,18273,0.16220713339000128
2011,16-24,0.5366710263040807,38193160.98590029,15075,0.15980420875735518
2011,25-54,0.8172864065877194,124686167.99570277,53635,0.5217000610893601
2011,55-64,0.6501594712135975,36717720.00819955,17039,0.1536308082866089
2011,65+,0.18220628716695558,39402669.996900246,18264,0.1648649218666758
2012,16-24,0.5320727673726886,38761421.0010001,14675,0.15977209010124968
2012,25-54,0.8154054690058947,124358008.99830317,52693,0.51259573321567
2012,55-64,0.649395686591584,38146613.99850017,17279,0.1572378950882298
2012,65+,0.1884914332447379,41338411.98970023,18806,0.17039428159485054
2013,16-24,0.5253908843727149,38857110.98390001,14751,0.15860375972620272
2013,25-54,0.8103490622537323,124364780.02210017,51518,0.5076219304415076
2013,55-64,0.6526344535596695,38817847.99349994,17411,0.15844349928125806
2013,65+,0.19042915750116052,42955152.994100444,19316,0.17533081055103167
2014,16-24,0.5482855233452256,38761170.00469979,14360,0.15676417164083328
2014,25-54,0.8111621426680226,124481639.99910145,50712,0.5034487136633248
2014,55-64,0.6520305008078447,39541037.01169957,17423,0.15991823549720072
2014,65+,0.19061417687586069,44473990.020799674,20018,0.17986887919864133
2015,16-24,0.5304171769678703,38678790.00219991,14387,0.1546656639112638
2015,25-54,0.809984362165074,124987172.00229865,50408,0.4997887456414059
2015,55-64,0.645205925111939,40366621.00070021,17503,0.16141482803812024
2015,65+,0.19759478448447138,46047421.98149988,20292,0.18413076240921009
2016,16-24,0.5365666675051737,38483295.0076998,13735,0.15224746261264896
2016,25-54,0.8164864473645644,125593526.00670157,48853,0.4968726209975064
2016,55-64,0.6469148365257161,41136459.99729956,17168,0.16274390366527863
2016,65+,0.20029577092165132,47554774.01729992,20644,0.18813601272456607
2017,16-24,0.5414704240913941,38213519.999400005,13700,0.15020208554334497
2017,25-54,0.8174271081911743,125603800.98110001,48785,0.49369837847517517
2017,55-64,0.6523593576955267,41572734.00139973,17385,0.1634058141947408
2017,65+,0.20008651388607046,49023989.01199967,21748,0.19269372178673916
2018,16-24,0.5444333827385852,38045954.000300236,12923,0.1479827554520813
2018,25-54,0.8220199994863926,126293386.00200066,46646,0.49122814099501594
2018,55-64,0.6482514280993683,42008453.008800186,16723,0.1633952096055331
2018,65+,0.20113325114023092,50749419.99909993,21944,0.1973938939473697
2019,16-24,0.5485821442828905,37773436.00180002,12153,0.146104707169236
2019,25-54,0.8256934349376241,126234224.97670008,44545,0.48826414610726265
2019,55-64,0.6542752578292695,42195893.99619976,16521,0.16321043009603645
2019,65+,0.20454198999565573,52333194.002499774,21482,0.202420716627465
2020,16-24,0.5329534034558947,37503686.00330005,10509,0.14437923495894311
2020,25-54,0.826054092619284,125979445.00550085,38715,0.4849874193391545
2020,55-64,0.6595061742170609,42228633.993400164,14956,0.16256903038255624
2020,65+,0.20106987165552592,54046405.99770006,20481,0.20806431531934613
2021,16-24,0.5324699440103009,37306051.002600215,10808,0.14293340798690865
2021,25-54,0.8152246303580728,126083084.99800025,39979,0.4830713662781183
2021,55-64,0.6504826728807201,41982133.00249981,14691,0.16084922374090802
2021,65+,0.18874023401325946,55631750.01130044,21179,0.213146001994065
2022,16-24,0.5405712000790045,37897209.99640011,10111,0.14385291418012486
2022,25-54,0.8257785272208883,127190464.99850078,37134,0.48279857666824366
2022,55-64,0.658912286139847,42297527.012699775,13682,0.16055594921017663
2022,65+,0.1942104625203223,56058956.99599982,20484,0.21279255994145485
2023,16-24,0.558979900108254,39295425.99929997,9700,0.1475763290898003
2023,25-54,0.8382667790796611,127753951.99220079,35310,0.4797876287703164
2023,55-64,0.6567054279493124,41508744.00249996,12800,0.15588857759491742
2023,65+,0.1953577030921944,57713754.00169959,20586,0.2167474645449658
2024,16-24,0.5622875950452231,38879068.005300224,9708,0.14513386550833077
2024,25-54,0.8372480688707914,128517667.00510122,35171,0.47975084680579305
2024,55-64,0.668535620794523,41321731.00570004,12376,0.1542522199743862
2024,65+,0.19896545450230285,59165723.997900076,20737,0.22086306771149
2025,16-24,0.5514550528901055,39764946.99500003,9416,0.14564696392176774
2025,25-54,0.8368585151937162,130951892.98029925,34423,0.4796371446134961
2025,55-64,0.6766974538472393,41203386.00149985,12117,0.1509155305845043
2025,65+,0.19562953139234213,61102608.995299675,20789,0.22380036088023175
2026,16-24,0.5424468997443901,39778226.00749988,8687,0.14472277308485498
2026,25-54,0.8421064802805043,130047513.0156003,32171,0.47314419483809866
2026,55-64,0.6724643407044633,40585807.003399976,11583,0.1476609473813974
2026,65+,0.19099648840140496,64446551.00690037,21271,0.2344720846956489
