year,weighted,unweighted,n,gap
1990,0.6615205268994334,0.6564969232141264,112130,0.0050236036853069654
1991,0.6588174683830419,0.6534421880881114,111586,0.005375280294930507
1992,0.6598818021491867,0.6546856346089001,109729,0.0051961675402866225
1993,0.6583203436672683,0.6512373463651229,108862,0.007082997302145455
1994,0.6612491066918337,0.65422972908858,105385,0.0070193776032536626
1995,0.6642223471394076,0.6575006232142515,104298,0.006721723925156131
1996,0.6643798236487435,0.6586532075972905,90348,0.005726616051452971
1997,0.6703233900054044,0.662593450793512,91492,0.007729939211892467
1998,0.6725541424834208,0.6681740352109584,91108,0.004380107272462408
1999,0.6701230461558475,0.6669833677336217,91569,0.0031396784222258445
2000,0.6722653717139339,0.6712057198570036,92310,0.0010596518569302438
2001,0.6717946721434419,0.6670215627381539,89228,0.0047731094052879675
2002,0.6675903573042161,0.6688300133921464,106779,-0.0012396560879303076
2003,0.6627920476341517,0.664337213703461,108323,-0.0015451660693093228
2004,0.6587171759171602,0.6607746883627147,106133,-0.0020575124455545213
2005,0.6569352673154628,0.6599484437655146,104740,-0.0030131764500518354
2006,0.6591567962539485,0.659519742019694,104194,-3.6294576574547044e-4
2007,0.6598472716409144,0.6615002320544554,103424,-0.0016529604135410159
2008,0.6583892131939802,0.6606044242155407,103702,-0.002215211021560415
2009,0.6536023935366255,0.6563309215536939,105040,-0.0027285280170683546
2010,0.6488100495846898,0.6519041222875953,105718,-0.003094072702905515
2011,0.6420646073409946,0.645111668733716,104013,-0.003047061392721373
2012,0.6372112155758248,0.6415087044358307,103453,-0.004297488860005916
2013,0.6314737100108181,0.635665462736417,102996,-0.004191752725598907
2014,0.6328871887220444,0.6328953401032065,102513,-8.151381162058158e-6
2015,0.6273874749476424,0.6259479481430938,102590,0.0014395268045485077
2016,0.6303449683031311,0.6226195219123506,100400,0.007725446390780544
2017,0.6300471518260271,0.619801609950993,101618,0.010245541875034125
2018,0.6299897619624276,0.6175027484832444,98236,0.01248701347918324
2019,0.631495015931752,0.6199406553257093,94701,0.011554360606042646
2020,0.6266239917248475,0.6103991212010252,84661,0.016224870523822266
2021,0.6147782790437644,0.5986360017078828,86657,0.016142277335881583
2022,0.6235662690731961,0.601675449263613,81411,0.021890819809583073
2023,0.6293983937909705,0.6018546864635951,78396,0.027543707327375433
2024,0.6303446665130752,0.606305774951277,77992,0.02403889156179817
2025,0.6276122978827391,0.6041045019219493,76745,0.02350779596078978
2026,0.6210222785962136,0.5932005643585848,73712,0.027821714237628803
