player,player_key,age,team,pos,pos_group,g,mp,per,usg,ws,ws48,bpm,vorp,salary,guaranteed,years_left,salary_team,bpm_prior,mp_prior,bpm_blend,proj_vorp,salary_m,age_band
Amen Thompson,amen thompson,23,HOU,PG,Guard,79,2953,18.9,20,10.3,0.167,2.6,3.4,12258609,220258609,6,HOU,4.1,2225,2.901109707686756,3.6770774814021823,12.258609,22 and under
Kevin Durant,kevin durant,37,HOU,SF,Small forward,78,2840,21.1,27.1,10.7,0.18,4.5,4.7,43902439,43902439,2,HOU,3.2,2265,4.226981919332406,4.493045897079277,43.902439,32+
Desmond Bane,desmond bane,27,ORL,SG,Guard,82,2756,16.9,23.3,7.4,0.129,1.4,2.3,39446090,126499530,3,ORL,3.2,2205,1.7789745058722428,2.646050238359731,39.44609,26-28
Toumani Camara,toumani camara,25,POR,PF,Power forward,82,2731,11.3,16.3,4.8,0.084,-1,0.7,18080358,81000000,4,POR,-0.1,2548,-0.7865003258542036,0.8419887220762627,18.080358,23-25
Jabari Smith Jr.,jabari smith,22,HOU,PF,Power forward,77,2705,13.5,18.2,6.6,0.118,-0.7,0.9,23643411,122000000,5,HOU,-0.7,1716,-0.6999999999999998,0.8934197154471547,23.643411,22 and under
Mikal Bridges,mikal bridges,29,NYK,SF,Small forward,82,2692,15.3,17.3,8,0.143,2.7,3.2,33482145,108482144,4,NYK,-0.5,3036,1.8257019438444926,2.6165624067147806,33.482145,26-28
Scottie Barnes,scottie barnes,24,TOR,PF,Power forward,80,2681,19.2,23.4,7.8,0.14,4.2,4.2,41754690,185576400,4,TOR,2.4,2134,3.8225606760341955,3.966027736902357,41.75469,23-25
Tyrese Maxey,tyrese maxey,25,PHI,PG,Guard,70,2661,21.9,29.4,8.7,0.156,5.4,4.9,40770520,130746840,3,PHI,2,1960,4.729779744543901,4.549782494977469,40.77052,23-25
Jamal Murray,jamal murray,28,DEN,PG,Guard,75,2652,21.8,27.9,9.5,0.173,4.1,4.1,50105628,161451468,3,DEN,0.8,2418,3.3308270676691722,3.5918072620575825,50.105628,26-28
Derrick White,derrick white,31,BOS,SG,Guard,77,2625,16,22,7,0.129,3.2,3.5,30348000,62944000,3,BOS,3.5,2574,3.2739018087855296,3.5172744532677886,30.348,29-31
VJ Edgecombe,vj edgecombe,20,PHI,SG,Guard,75,2623,14,20.1,4.4,0.081,-0.5,1,11663880,11663880,3,PHI,NA,NA,-0.5,0.9996189024390244,11.66388,22 and under
Julius Randle,julius randle,31,MIN,PF,Power forward,79,2610,18.4,26.5,7.4,0.135,1.5,2.3,33333334,33333334,2,BRK,1.3,2226,1.455727923627685,2.2915269005762853,33.333334,29-31
Brandon Ingram,brandon ingram,28,TOR,SF,Small forward,77,2604,16.3,26.9,4.6,0.084,0.5,1.7,40000000,40000000,2,LAC,-0.3,595,0.44338051623646957,1.6165047927540057,40,26-28
Nickeil Alexander-Walker,nickeil alexander walker,27,ATL,SG,Guard,78,2603,16.5,23.9,6.3,0.116,1.2,2.1,14403710,29565510,3,ATL,-0.4,2073,0.8643594414086216,1.8942905553827851,14.40371,26-28
Jalen Brunson,jalen brunson,29,NYK,PG,Guard,74,2590,20.1,30.4,8.8,0.163,3.1,3.3,37739521,78274562,3,NYK,3.3,2301,3.145695561513256,3.386014101707147,37.739521,26-28
Payton Pritchard,payton pritchard,28,BOS,PG,Guard,79,2556,17.1,21.4,8.5,0.16,2.3,2.8,7767857,16071428,2,BOS,3.5,2271,2.5741925747057044,2.970436031744863,7.767857,26-28
Kon Knueppel,kon knueppel,20,CHO,SF,Small forward,81,2551,17.1,22.3,8,0.151,2.8,3.1,10516560,10516560,3,CHO,NA,NA,2.8,3.1109756097560974,10.51656,22 and under
Jalen Johnson,jalen johnson,24,ATL,SF,Small forward,72,2532,20.4,27,7.5,0.141,4.2,4,30000000,120000000,4,ATL,1.8,1284,3.8529729729729727,3.7651746868820037,30,23-25
Dyson Daniels,dyson daniels,22,ATL,SG,Guard,76,2520,15.5,16,6.6,0.126,1.3,2.1,25000000,100000000,4,ATL,1.5,2571,1.3507551080840983,2.145300526517258,25,22 and under
Paolo Banchero,paolo banchero,23,ORL,PF,Power forward,72,2502,17.6,27.6,5,0.095,1.4,2.1,41500000,185920000,5,ORL,3.5,1582,1.7655589788732395,2.39365563138741,41.5,22 and under
Donte DiVincenzo,donte divincenzo,29,MIN,SG,Guard,82,2494,12.5,16.9,5.2,0.1,0.8,1.7,12535000,12535000,1,MIN,1.9,1606,0.9943882042253521,1.8973587859090517,12.535,26-28
Jaylen Brown,jaylen brown,29,BOS,SF,Small forward,71,2443,22,36.2,6.9,0.135,3.3,3.3,57078728,183045576,3,PHI,0,2158,2.5493517444924634,2.823695709297533,57.078728,26-28
James Harden,james harden,36,2TM,PG,Guard,70,2438,20.7,28.6,7.7,0.151,3.9,3.6,30647619,62827619,3,CLE,4.3,2789,4.010422646738592,3.7229193121820847,30.647619,32+
DeMar DeRozan,demar derozan,36,SAC,PF,Power forward,77,2406,17.8,22.8,5.6,0.112,-0.1,1.1,2449421,2449421,1,DEN,-0.1,2768,-0.1,1.1614329268292682,2.449421,32+
Alperen Şengün,alperen sengun,23,HOU,C,Center,72,2398,21.4,26.6,8,0.161,4.2,3.7,35642202,112018349,4,HOU,4.4,2395,4.2499530712274485,3.8077712054886743,35.642202,22 and under
Miles Bridges,miles bridges,27,CHO,PF,Power forward,77,2387,16,22.3,6.5,0.13,1.1,1.9,22826087,22826087,1,PHO,1.8,2029,1.2545484221980416,1.9737314745393104,22.826087,26-28
Rudy Gobert,rudy gobert,33,MIN,C,Center,76,2380,17.5,12.9,8.7,0.176,1,1.8,36500000,36500000,2,MIN,1.9,2389,1.2256375275474867,1.9504617163523927,36.5,32+
Ryan Rollins,ryan rollins,23,MIL,PG,Guard,74,2376,16.2,24.2,3.4,0.069,0.2,1.3,4000000,4000000,2,MIL,-0.5,820,0.1277805737292401,1.2844529073121633,4,22 and under
Bam Adebayo,bam adebayo,28,MIA,C,Center,73,2365,18.7,25,6.4,0.129,2,2.4,49800000,103584000,3,MIA,2,2674,2,2.4034552845528454,49.8,26-28
Cooper Flagg,cooper flagg,19,DAL,SF,Small forward,70,2344,17.9,26.9,3.8,0.078,1.4,2,14517480,14517480,3,DAL,NA,NA,1.4,2.0247967479674793,14.51748,22 and under
Donovan Mitchell,donovan mitchell,29,CLE,SG,Guard,70,2342,22.9,32.2,8.2,0.169,5.1,4.2,50105628,247460184,5,CLE,3.7,2232,4.76247569669475,4.023810488226398,50.105628,26-28
Trey Murphy III,trey murphy,25,NOP,SF,Small forward,66,2341,18.3,22.7,6,0.123,2.4,2.6,27000000,87000000,3,NOP,0.8,1854,2.065833051706657,2.418220318609066,27,23-25
Brandin Podziemski,brandin podziemski,22,GSW,SG,Guard,82,2333,15,20.1,5.1,0.105,0.2,1.3,5679459,5679459,1,GSW,0.7,1716,0.29845094664371774,1.3623694254369396,5.679459,22 and under
Karl-Anthony Towns,karl anthony towns,30,NYK,C,Center,75,2322,22,25.9,9.5,0.197,3.3,3.1,57078728,57078728,2,NYK,3.6,2517,3.3796267004112623,3.173651727224327,57.078728,29-31
Jaden McDaniels,jaden mcdaniels,25,MIN,PF,Power forward,73,2316,14,18.5,5.2,0.109,-0.3,1,26200001,84020689,3,MIN,0,2614,-0.21798786864672665,1.0485620163145783,26.200001,23-25
Onyeka Okongwu,onyeka okongwu,25,ATL,C,Center,74,2297,15.9,19.5,6,0.125,0.7,1.6,16120000,33000000,2,ATL,1.3,2064,0.8382914572864321,1.656391127384892,16.12,23-25
Luka Dončić,luka doncic,26,LAL,PG,Guard,64,2289,27.9,38.1,9.5,0.199,9.3,6.6,49800000,103584000,3,LAL,6.7,1769,8.767415470125059,6.261842990629131,49.8,23-25
Wendell Carter Jr.,wendell carter,26,ORL,C,Center,78,2288,14.1,15.6,6.2,0.131,-0.6,0.8,18102000,37652160,3,ORL,-1.2,1758,-0.7223382045929019,0.7427058404195732,18.102,23-25
Collin Gillespie,collin gillespie,26,PHO,PG,Guard,80,2282,15.3,18.7,6.2,0.13,2.5,2.6,10714286,48000000,4,PHO,2.5,461,2.5000000000000004,2.6089939024390243,10.714286,23-25
Bub Carrington,bub carrington,20,WAS,PG,Guard,82,2271,9.9,18,-0.4,-0.009,-4.7,-1.6,4900560,4900560,2,WAS,-4.6,2458,-4.673487218207313,-1.542553219651628,4.90056,22 and under
A.J. Green,aj green,26,MIL,SG,Guard,78,2270,9.4,14,2.4,0.05,-3.3,-0.8,10044644,45000000,4,MIL,-2.2,1659,-3.0845200141693234,-0.6254726707734666,10.044644,23-25
Julian Champagnie,julian champagnie,24,SAS,SF,Small forward,82,2266,13.1,15.2,6.2,0.132,1.4,1.9,13888889,45000000,3,SAS,-1.3,1932,0.8024742268041236,1.6134163104517643,13.888889,23-25
Nikola Jokić,nikola jokic,30,DEN,C,Center,65,2265,32.3,30.4,14.9,0.316,14.2,9.2,59033114,59033114,2,DEN,13.3,2571,13.952946828955797,9.180239981601849,59.033114,29-31
CJ McCollum,cj mccollum,34,2TM,PG,Guard,76,2264,15.9,25.7,3,0.063,-0.3,1,21000000,21000000,1,ATL,-1.4,1832,-0.5336734693877551,0.8434357889497262,21,32+
Shai Gilgeous-Alexander,shai gilgeous alexander,27,OKC,PG,Guard,68,2259,30.8,33.4,15.2,0.323,11.7,7.8,40806150,238462350,5,OKC,11.5,2598,11.644576,7.831071439024391,40.80615,26-28
Matas Buzelis,matas buzelis,21,CHI,PF,Power forward,77,2248,14.8,22.8,2.6,0.055,-1,0.5,5715360,5715360,2,CHI,-2.5,1511,-1.2745608721986674,0.4143260059190538,5.71536,22 and under
Saddiq Bey,saddiq bey,26,NOP,SF,Small forward,72,2246,17.1,21.6,5.4,0.116,0.5,1.4,6440678,6440678,1,NOP,NA,NA,0.5,1.4265752032520325,6.440678,23-25
Max Christie,max christie,22,DAL,SG,Guard,77,2244,11,16.5,2.7,0.058,-1.5,0.3,8285714,8285714,2,DAL,-2.5,2127,-1.7400948188283103,0.14817764902166455,8.285714,22 and under
De'Aaron Fox,deaaron fox,28,SAS,PG,Guard,72,2231,17.6,24.9,6.4,0.138,2.2,2.4,49800000,223104000,4,SAS,0.4,2241,1.748488918737408,2.1247151366115746,49.8,26-28
Immanuel Quickley,immanuel quickley,26,TOR,PG,Guard,70,2231,16.6,21.1,6.5,0.14,2.4,2.5,32500000,97500000,3,TOR,2.2,918,2.3758770201024833,2.4803306991485363,32.5,23-25
Kris Dunn,kris dunn,31,LAC,PG,Guard,82,2230,11.3,12.4,4,0.085,-0.8,0.6,5684800,NA,1,LAC,0.6,1783,-0.5053936032101972,0.8467917339535722,5.6848,29-31
OG Anunoby,og anunoby,28,NYK,PF,Power forward,67,2224,15.8,19.7,6.3,0.135,2,2.3,42500000,87931034,3,NYK,0.7,2706,1.6248880358285347,2.04820909341531,42.5,26-28
Royce O'Neale,royce oneale,32,PHO,SF,Small forward,78,2213,11.6,14.3,4.6,0.1,0.7,1.5,10875000,22500000,2,CHO,0.1,1837,0.5699622463426145,1.4449508260051338,10.875,29-31
Quentin Grimes,quentin grimes,25,PHI,SG,Guard,75,2206,12.9,19,3.6,0.078,-1.6,0.2,13953489,43953489,4,LAL,0.4,2013,-1.1335418839068474,0.4856215965705017,13.953489,23-25
Deni Avdija,deni avdija,25,POR,SF,Small forward,66,2199,20.3,29.3,7,0.152,4.3,3.5,13125000,25000000,2,POR,2.1,2161,3.7571591687599906,3.2164616392538665,13.125,23-25
Naji Marshall,naji marshall,28,DAL,SF,Small forward,74,2184,15.4,20.5,4.3,0.095,-0.6,0.8,9428571,61286031,4,DAL,-0.8,1919,-0.6453075197733443,0.7516891201257663,9.428571,26-28
Cade Cunningham,cade cunningham,24,DET,PG,Guard,64,2172,21.6,30.5,7.9,0.174,6.3,4.6,50105628,222691680,4,DET,3.9,2452,5.643800178412133,4.218072659428646,50.105628,23-25
Reed Sheppard,reed sheppard,21,HOU,SG,Guard,82,2147,15.7,21.7,5.9,0.131,2.7,2.5,11108880,11108880,2,HOU,-1.7,654,2.2944186046511628,2.342509335413122,11.10888,22 and under
Devin Booker,devin booker,29,PHO,SG,Guard,64,2146,20.4,32.2,6.5,0.145,2.2,2.3,57078728,182159872,4,PHO,0.4,2795,1.6551066825517171,1.992850340639224,57.078728,26-28
Anthony Edwards,anthony edwards,24,MIN,SG,Guard,61,2137,21.8,31.5,6.5,0.147,4.5,3.5,48924624,156896208,3,MIN,4.3,2871,4.438138332255979,3.4955034593574763,48.924624,23-25
Tim Hardaway Jr.,tim hardaway,33,DEN,SG,Guard,80,2127,13.5,18.5,4.4,0.1,-0.7,0.7,6500000,6500000,1,MIA,-2.1,2153,-1.05319896883056,0.5116478133377538,6.5,32+
Jaime Jaquez Jr.,jaime jaquez,24,MIA,SF,Small forward,75,2121,15.7,22.3,4.2,0.094,0.1,1.1,5939141,5939141,1,MIL,-0.9,1368,-0.0769499417927823,1.0362777371589198,5.939141,23-25
Duncan Robinson,duncan robinson,31,DET,SG,Guard,77,2113,12.4,15.8,6.1,0.139,0.8,1.5,15992957,NA,2,DET,-1.7,1786,0.25046153846153857,1.2081364915572232,15.992957,29-31
Jeremiah Fears,jeremiah fears,19,NOP,PG,Guard,82,2112,13.8,25.5,0.6,0.015,-2.7,-0.4,7896240,7896240,3,NOP,NA,NA,-2.7,-0.37560975609756103,7.89624,22 and under
Donovan Clingan,donovan clingan,21,POR,C,Center,77,2094,20.9,16.9,8.6,0.197,3,2.6,7519920,7519920,2,POR,-0.3,1324,2.425558769392585,2.35445123554575,7.51992,22 and under
Kawhi Leonard,kawhi leonard,34,LAC,SF,Small forward,65,2085,27.9,33.5,9.2,0.212,8,5.3,50300000,50300000,1,TOR,3.1,1180,7.222326832548755,4.8853027047419095,50.3,32+
Evan Mobley,evan mobley,24,CLE,PF,Power forward,65,2074,20,22.6,6.5,0.15,3,2.6,50105628,222691680,4,CLE,4.6,2167,3.4133031350578142,2.8524366621214194,50.105628,23-25
Andrew Wiggins,andrew wiggins,30,MIA,SF,Small forward,68,2063,15.1,19.7,4.6,0.106,1.2,1.7,30169644,46515798,3,MIA,0.9,1842,1.1311916324243556,1.641170817502908,30.169644,29-31
Jake LaRavia,jake laravia,24,LAL,PF,Power forward,82,2061,11.9,14.4,3.8,0.089,-1.2,0.4,6000000,6000000,1,LAL,0.2,1349,-0.9492565055762081,0.5501987657539216,6,23-25
Pascal Siakam,pascal siakam,31,IND,PF,Power forward,62,2057,18.6,30.1,2.6,0.062,0.7,1.4,48924624,101223360,2,IND,1.7,2548,0.9922353480903774,1.5637774672311755,48.924624,29-31
Cason Wallace,cason wallace,22,OKC,SG,Guard,77,2046,12.1,14.5,5.2,0.122,1.2,1.7,7420806,7420806,1,OKC,1,1876,1.1531819316196656,1.639077802869369,7.420806,22 and under
Devin Vassell,devin vassell,25,SAS,SG,Guard,67,2044,13,18,4.9,0.115,0.5,1.3,27000000,78652174,3,SAS,-1.1,1983,0.10902033271719037,1.095233119937484,27,23-25
Stephon Castle,stephon castle,21,SAS,PG,Guard,68,2038,17.4,24.9,5.8,0.136,1.9,2,10015920,10015920,2,SAS,-3.2,2162,0.5676897051715805,1.3295100658383334,10.01592,22 and under
Derik Queen,derik queen,21,NOP,C,Center,81,2023,15.9,21.8,2.7,0.063,-0.8,0.6,5416080,5416080,3,NOP,NA,NA,-0.8,0.6167682926829268,5.41608,22 and under
LaMelo Ball,lamelo ball,24,CHO,PG,Guard,72,2017,19.7,32,6.2,0.147,4.7,3.4,40770520,130746840,3,MIN,3.2,1505,4.401230809952356,3.2803055243073937,40.77052,23-25
Naz Reid,naz reid,26,MIN,C,Center,77,2007,15.4,22.1,4,0.097,0.9,1.5,23275862,75000000,4,CHO,1.6,2200,1.0873251429266513,1.5742534455929342,23.275862,23-25
Davion Mitchell,davion mitchell,27,MIA,PG,Guard,70,2000,12.1,13.6,4.3,0.104,-0.9,0.6,12400000,12400000,1,MIA,-2.6,2027,-1.3292886508035382,0.3408086123965761,12.4,26-28
Bruce Brown,bruce brown,29,DEN,SG,Guard,82,1998,10.8,14.5,2.9,0.071,-2.4,-0.2,2449421,NA,1,NYK,-3.8,922,-2.5866396761133603,-0.29779117705144664,2.449421,26-28
Chet Holmgren,chet holmgren,23,OKC,PF,Power forward,69,1997,21.6,21.9,9.1,0.219,4.2,3.1,41500000,240700000,5,OKC,2.4,877,3.9701514269073965,3.029063109637721,41.5,22 and under
Josh Hart,josh hart,30,NYK,SF,Small forward,66,1994,15.7,16.7,6.1,0.147,3,2.5,20923760,20923760,2,NYK,2.8,2897,2.9347449037053726,2.499969852131228,20.92376,29-31
LeBron James,lebron james,41,LAL,SF,Small forward,60,1989,20.8,27.2,5.4,0.131,3.5,2.8,3876529,3876529,2,PHI,5.6,2444,4.110200927357033,3.08770062106533,3.876529,32+
Ace Bailey,ace bailey,19,UTA,SF,Small forward,72,1988,11.6,21.4,-0.1,-0.001,-4.4,-1.2,9523080,9523080,3,UTA,NA,NA,-4.4,-1.2121951219512197,9.52308,22 and under
Harrison Barnes,harrison barnes,33,SAS,PF,Power forward,77,1986,11.8,14.6,4.8,0.117,-0.1,1,8000000,8000000,1,SAS,0,2230,-0.07276502198339034,0.9724310636028929,8,32+
Brandon Miller,brandon miller,23,CHO,SF,Small forward,65,1968,16.8,28.1,4.5,0.109,1.6,1.8,15104626,15104626,1,CHO,0,924,1.3834797891036907,1.6917398945518454,15.104626,22 and under
Maxime Raynaud,maxime raynaud,22,SAC,C,Center,74,1964,16,18.2,3.6,0.088,-2.4,-0.2,2150917,2150917,2,SAC,NA,NA,-2.4,-0.1995934959349593,2.150917,22 and under
Deandre Ayton,deandre ayton,27,LAL,C,Center,72,1958,18.2,16.7,6.2,0.152,-0.9,0.6,8104000,8104000,1,WAS,-0.7,1206,-0.8659322033898305,0.564152628496624,8.104,26-28
Jarace Walker,jarace walker,22,IND,PF,Power forward,76,1953,11.5,20.7,0.5,0.013,-2.4,-0.2,8478542,8478542,1,IND,-0.9,1187,-2.1473034345728075,-0.07309034749001347,8.478542,22 and under
Sam Hauser,sam hauser,28,BOS,PF,Power forward,78,1934,11.9,14.5,5,0.124,0.6,1.3,10848215,34955356,3,BOS,0.8,1541,0.6419719460710881,1.2981640608997673,10.848215,26-28
Rui Hachimura,rui hachimura,27,LAL,PF,Power forward,68,1927,11.6,15.2,3.2,0.08,-2.2,-0.1,14000000,14000000,2,LAC,-0.7,1869,-1.8335294117647063,0.08150122549019588,14,26-28
Neemias Queta,neemias queta,26,BOS,C,Center,76,1926,20.3,14.7,9,0.224,2.8,2.4,2667944,58667944,5,BOS,-0.7,863,2.345173919590423,2.1262207746776305,2.667944,23-25
Nic Claxton,nic claxton,26,BRK,C,Center,69,1920,17.6,17.7,4.8,0.121,0.9,1.4,23147727,44090911,2,CHI,0.4,1882,0.7768646951059933,1.3545681439541433,23.147727,23-25
Myles Turner,myles turner,29,MIL,C,Center,71,1912,14.2,18.6,3,0.076,-0.9,0.5,26584164,54434241,3,MIL,0.4,2174,-0.5427054361567637,0.707913416175881,26.584164,26-28
Keldon Johnson,keldon johnson,26,SAS,SF,Small forward,82,1911,17.3,21,6.4,0.161,0.9,1.4,17500000,17500000,1,SAS,-1.6,1838,0.2930788535200106,1.1133317299483587,17.5,23-25
Anthony Black,anthony black,22,ORL,PG,Guard,64,1910,13.7,22.2,2.6,0.067,-0.6,0.7,10106316,10106316,1,ORL,-1.9,1887,-0.9220559275305238,0.5230876977684704,10.106316,22 and under
Tristan Da Silva,tristan da silva,24,ORL,SF,Small forward,77,1899,12,16.2,3.3,0.084,-0.6,0.7,3991200,3991200,2,ORL,-2.6,1629,-1.0447174447174445,0.46089470845568414,3.9912,23-25
Moussa Diabaté,moussa diabate,24,CHO,C,Center,73,1899,17.2,11.4,7.4,0.188,1.7,1.8,2461462,NA,1,CHO,-1.9,1241,1.0560680311328912,1.4744596522157927,2.461462,23-25
Ausar Thompson,ausar thompson,23,DET,SF,Small forward,73,1896,16.2,16.9,5.7,0.144,3.1,2.4,11117925,11117925,1,DET,1.7,1328,2.835005701254276,2.329057624384682,11.117925,22 and under
Nique Clifford,nique clifford,23,SAC,SG,Guard,75,1882,9,17,-0.6,-0.014,-4.9,-1.4,3263400,3263400,3,SAC,NA,NA,-4.9,-1.386636178861789,3.2634,22 and under
Ayo Dosunmu,ayo dosunmu,26,2TM,SG,Guard,69,1881,16.5,20.2,4.9,0.124,1,1.4,19310345,86510348,5,MIN,-1.6,1394,0.48495097342617594,1.1875489789163205,19.310345,23-25
John Collins,john collins,28,LAC,PF,Power forward,69,1872,16.3,19.5,4.6,0.117,-0.5,0.7,17000000,17000000,3,DET,1,1220,-0.2322995904037449,0.8407355606616336,17,26-28
Draymond Green,draymond green,35,GSW,PF,Power forward,68,1869,10.4,16.1,1.7,0.044,-1.4,0.3,27678571,27678571,1,GSW,0.5,1983,-0.9035968379446639,0.5206243673479226,27.678571,32+
Victor Wembanyama,victor wembanyama,22,SAS,C,Center,64,1866,29.9,32.4,10,0.257,10.7,6,16868246,211748246,6,SAS,6.5,1527,9.799873684210525,5.594147432605904,16.868246,22 and under
Jamal Shead,jamal shead,23,TOR,PG,Guard,82,1852,10.5,15.5,2.7,0.07,-2.3,-0.1,2296271,2296271,1,TOR,-4.1,1467,-2.675993165313968,-0.3180740198580967,2.296271,22 and under
Pelle Larsson,pelle larsson,24,MIA,SG,Guard,70,1849,13.1,16.8,4.1,0.106,-1.2,0.4,2296271,2296271,1,MIA,-3.1,782,-1.4347606256912624,0.2655303869656646,2.296271,23-25
Luguentz Dort,luguentz dort,26,OKC,SF,Small forward,69,1849,8.3,14.1,3,0.078,-2,0,18222222,18222222,1,ATL,0.2,2073,-1.401496062992126,0.2811569561807823,18.222222,23-25
Sion James,sion james,23,CHO,SG,Guard,82,1843,8.3,11,3.1,0.08,-2,0,2411090,2411090,3,CHO,NA,NA,-2,0,2.41109,22 and under
Zion Williamson,zion williamson,25,NOP,PF,Power forward,62,1841,22.6,25.7,6.1,0.159,2.9,2.3,42166510,87053440,2,NOP,7,857,3.4507366771159873,2.5494934508563345,42.16651,23-25
Jaylen Wells,jaylen wells,22,MEM,SG,Guard,69,1821,11.5,19.3,1.6,0.042,-3.1,-0.5,2296271,NA,2,MEM,-2.2,2043,-2.8550359712230216,-0.3955844775399193,2.296271,22 and under
Nikola Vučević,nikola vucevic,35,2TM,C,Center,64,1818,17.7,21.4,4.4,0.116,1.5,1.6,2449421,2449421,1,ORL,2.6,2278,1.8240817382307295,1.7663060467742546,2.449421,32+
Oso Ighodaro,oso ighodaro,23,PHO,PF,Power forward,82,1808,13.8,12.2,4.7,0.125,0.1,0.9,2296271,NA,2,PHO,-2.6,1045,-0.3361570567321069,0.7642855796311867,2.296271,22 and under
Kyle Kuzma,kyle kuzma,30,MIL,PF,Power forward,69,1806,14.1,21.8,1.9,0.051,-2.3,-0.1,20345152,20345152,1,MIL,-4.9,1936,-2.9844710361707913,-0.4517161309259271,20.345152,29-31
Kyle Filipowski,kyle filipowski,22,UTA,C,Center,77,1801,16,20,3.1,0.082,-1.1,0.4,3000000,NA,2,UTA,-1,1522,-1.0780216606498194,0.421870678142702,3,22 and under
Andrew Nembhard,andrew nembhard,26,IND,PG,Guard,57,1786,15.7,23.6,2.8,0.077,-0.8,0.6,19550160,40548480,2,IND,-2.3,1881,-1.189763779527559,0.36765291914730175,19.55016,23-25
Keyonte George,keyonte george,22,UTA,PG,Guard,54,1786,18.5,27.9,3.3,0.088,0.9,1.3,6563925,6563925,1,UTA,-2.7,2109,-0.11679389312977101,0.8545239092658102,6.563925,22 and under
Noah Clowney,noah clowney,21,BRK,PF,Power forward,66,1780,11.2,20.4,1.1,0.029,-3.4,-0.6,5414034,5414034,1,BRK,-4.1,1042,-3.5142901911626447,-0.6848161941741635,5.414034,22 and under
Jaylon Tyson,jaylon tyson,23,CLE,SG,Guard,66,1777,14.8,19.3,4,0.108,0.1,0.9,3658560,3658560,2,CLE,-2.7,453,-0.11929460580912865,0.849088792041966,3.65856,22 and under
Marcus Smart,marcus smart,31,LAL,SG,Guard,62,1769,9.9,15.4,2,0.054,-2.2,-0.1,6064000,6064000,2,HOU,-1.5,680,-2.120494404543177,-0.05415513252969518,6.064,29-31
Brice Sensabaugh,brice sensabaugh,22,UTA,SF,Small forward,75,1762,14.4,24.9,1.1,0.029,-2.6,-0.3,4862237,4862237,1,UTA,-1.2,1432,-2.301577850550759,-0.13500512517033475,4.862237,22 and under
Austin Reaves,austin reaves,27,LAL,SG,Guard,51,1762,20.2,26.7,5.6,0.153,2.8,2.1,41240250,133618410,4,LAL,1.9,2550,2.5071209800918832,2.017669503791133,41.24025,26-28
Tre Jones,tre jones,26,CHI,PG,Guard,65,1752,18.7,19.2,5.7,0.157,1.3,1.5,8000000,8000000,2,CHI,1.5,905,1.3293783476708327,1.4819793864632365,8,23-25
Sandro Mamukelashvili,sandro mamukelashvili,26,TOR,C,Center,80,1751,18.1,18.8,6.2,0.169,2.8,2.1,13000000,38350000,4,LAL,2.3,681,2.742618806875632,2.109838803566878,13,23-25
Tobias Harris,tobias harris,33,DET,PF,Power forward,63,1746,15,18.8,5.3,0.145,1.4,1.5,15044000,30840200,2,SAS,0.1,2306,1.00262460233298,1.33195695012027,15.044,32+
Precious Achiuwa,precious achiuwa,26,SAC,C,Center,73,1745,16.2,17.6,2.9,0.081,-1.6,0.2,5477000,11227850,2,SAC,-1.9,1170,-1.65480093676815,0.15304175948668147,5.477,23-25
P.J. Washington,pj washington,27,DAL,PF,Power forward,56,1736,13.1,20.1,1.7,0.046,-1.6,0.2,19813044,88762440,4,DAL,-0.9,1835,-1.4176203322447822,0.25686257703837856,19.813044,26-28
Josh Giddey,josh giddey,23,CHI,PG,Guard,54,1731,18,24.4,3.2,0.09,2.7,2,25000000,75000000,3,CHI,3,2117,2.7868809849521208,2.1052060429248276,25,22 and under
RJ Barrett,rj barrett,25,TOR,SF,Small forward,57,1726,17,25.8,4,0.111,0.2,1,29616071,29616071,1,TOR,0.6,1869,0.3060876968922946,1.0112569524481962,29.616071,23-25
Jay Huff,jay huff,27,IND,C,Center,82,1719,15.2,18,3.2,0.089,0.4,1.1,2667944,NA,2,IND,3.5,748,0.79268416596105,1.2196707523595134,2.667944,26-28
Norman Powell,norman powell,32,MIA,SG,Guard,58,1717,17.5,27.2,4,0.112,1.6,1.5,21500000,21500000,2,CHI,1.5,1958,1.5724574483049658,1.5584119508992953,21.5,29-31
Cam Spencer,cam spencer,25,MEM,SG,Guard,72,1714,17.2,17.2,5.3,0.149,2.2,1.8,2411090,5027844,3,MEM,0.5,252,2.120578420467186,1.7943778995632005,2.41109,23-25
Kel'el Ware,kelel ware,21,MIA,C,Center,77,1704,20,18,6.2,0.175,2.1,1.8,4654920,4654920,2,MIL,-0.1,1422,1.621212121212121,1.567719881744272,4.65492,22 and under
Dillon Brooks,dillon brooks,30,PHO,SF,Small forward,56,1702,14.1,28.6,2.1,0.058,-2.3,-0.1,19992727,92992726,4,PHO,-1.4,2388,-2.0132105684547636,-0.005712496826729607,19.992727,29-31
Dennis Schröder,dennis schroder,32,2TM,PG,Guard,70,1697,12.9,21,1.5,0.043,-2.2,-0.1,14809200,14809200,2,CHO,-2.2,2105,-2.2,-0.08622967479674805,14.8092,29-31
Isaac Okoro,isaac okoro,25,CHI,SG,Guard,63,1695,9.8,13.6,2.2,0.061,-3.8,-0.8,11814814,11814814,1,CHI,-0.5,1053,-3.2338709677419355,-0.5313544944925256,11.814814,23-25
Jerami Grant,jerami grant,31,POR,PF,Power forward,57,1695,15.4,23.8,4,0.114,0,0.9,34206898,34206898,2,MEM,-1.6,1524,-0.3689514298683614,0.7023951540582133,34.206898,29-31
Dominick Barlow,dominick barlow,22,PHI,PF,Power forward,71,1689,13.2,12.8,3.9,0.112,-1.1,0.4,3415000,3415000,1,PHI,-2.2,375,-1.1757993384785006,0.35367757045472875,3.415,22 and under
Michael Porter Jr.,michael porter,27,BRK,SF,Small forward,52,1689,19.9,30.5,2.9,0.083,3,2.1,40806150,12000000,1,BRK,-0.1,2593,1.950613577023499,1.6952709175794436,40.80615,26-28
Luke Kennard,luke kennard,29,2TM,SG,Guard,78,1681,13.5,13.5,4.5,0.13,0.1,0.9,6064000,6064000,2,PHO,1.1,1472,0.3259401381427475,0.9933702673317985,6.064,26-28
Cameron Johnson,cameron johnson,29,DEN,SF,Small forward,54,1647,12.8,15.1,3.7,0.108,-0.6,0.6,23062500,23062500,1,DEN,3.1,1800,0.3879839786381843,0.9992402471588134,23.0625,26-28
Brook Lopez,brook lopez,37,LAC,C,Center,75,1635,12.3,17.2,2.3,0.068,-0.9,0.5,9187500,9187500,1,LAC,0.8,2546,-0.31911152865387193,0.6982349214052133,9.1875,32+
Will Riley,will riley,19,WAS,SF,Small forward,74,1633,12.1,20.2,0.4,0.012,-4.5,-1,3688320,3688320,3,WAS,NA,NA,-4.5,-1.0372205284552845,3.68832,22 and under
Cody Williams,cody williams,21,UTA,SG,Guard,67,1631,9.6,16,0.1,0.004,-5.5,-1.5,6015600,6015600,2,MIN,-7.3,1060,-5.820510666890643,-1.583143520756768,6.0156,22 and under
Bennedict Mathurin,bennedict mathurin,23,2TM,SF,Small forward,54,1620,14.7,25.2,2.1,0.062,-2.5,-0.2,7804878,7804878,2,NOP,-2.9,2149,-2.6226423170209734,-0.256270465847047,7.804878,22 and under
Bobby Portis,bobby portis,30,MIL,PF,Power forward,67,1619,17.1,23.1,2.8,0.083,0,0.8,14521414,14521414,2,MIA,0.2,1244,0.040780199967218496,0.8394367743259469,14.521414,29-31
Collin Sexton,collin sexton,27,2TM,SG,Guard,68,1614,17.4,25.9,3.9,0.117,0.6,1.1,9366000,19200300,2,LAL,-0.6,1758,0.28036363636363637,0.9350881374722838,9.366,26-28
Cedric Coward,cedric coward,22,MEM,SG,Guard,62,1598,15.3,21.5,2.5,0.076,-0.2,0.7,6001080,6001080,3,MEM,NA,NA,-0.2,0.7307926829268293,6.00108,22 and under
Peyton Watson,peyton watson,23,DEN,SF,Small forward,54,1598,14.3,20.6,2.6,0.078,-1.2,0.3,20465116,64465116,4,CLE,-1.8,1656,-1.3540465116279068,0.2622544904518814,20.465116,22 and under
Herbert Jones,herbert jones,27,NOP,SF,Small forward,56,1588,9.1,15.2,0.7,0.022,-3.1,-0.5,14898786,58284050,4,NOP,-3.6,648,-3.159866962305987,-0.46795445532060653,14.898786,26-28
Jalen Suggs,jalen suggs,24,ORL,PG,Guard,57,1574,15.6,22.9,2.7,0.083,2.5,1.8,32400000,88800000,4,ORL,0.4,1002,2.132389937106918,1.6525360165158254,32.4,23-25
Kelly Oubre Jr.,kelly oubre,30,PHI,SF,Small forward,50,1574,13,18.2,2.7,0.083,-1.4,0.2,8050000,16500000,2,IND,-2.3,2078,-1.675029411764706,0.12995520982783354,8.05,29-31
Jordan Goodwin,jordan goodwin,27,PHO,PG,Guard,70,1572,14.7,17.5,3.9,0.118,1.8,1.5,5864198,12197531,3,PHO,-0.8,543,1.5315459212778093,1.410464986851808,5.864198,26-28
Jrue Holiday,jrue holiday,35,POR,PG,Guard,53,1560,16.4,23.5,3.6,0.109,1.9,1.6,34800000,34800000,2,POR,0.7,1896,1.5540145985401461,1.4086033469823749,34.8,32+
Dylan Harper,dylan harper,19,SAS,SG,Guard,69,1558,16.2,21.8,4.2,0.13,1.4,1.3,12989040,12989040,3,SAS,NA,NA,1.4,1.3458333333333332,12.98904,22 and under
Ron Holland,ron holland,20,DET,SF,Small forward,78,1551,11.7,18.9,2.8,0.087,-2,0,9069600,9069600,2,DET,-3,1266,-2.213887480993411,-0.08428340523901945,9.0696,22 and under
Tari Eason,tari eason,24,HOU,PF,Power forward,60,1549,12.9,18.7,2.9,0.091,-1.6,0.2,14051724,62951724,5,HOU,3.6,1420,-0.38292401516400204,0.6363949950485165,14.051724,23-25
Kevin Huerter,kevin huerter,27,2TM,SF,Small forward,69,1549,13.2,18.8,2.5,0.078,-0.6,0.6,8333333,27000000,3,DET,-2,1679,-0.9715776161871641,0.40473228468650474,8.333333,26-28
Moses Moody,moses moody,23,GSW,SG,Guard,60,1540,13.5,18.3,3.1,0.096,-0.1,0.7,12500000,25925925,2,GSW,-0.9,1649,-0.31043228585101296,0.6610605385643903,12.5,22 and under
Terance Mann,terance mann,29,BRK,SG,Guard,63,1529,10.2,13.5,1.8,0.056,-3.4,-0.6,15500000,31500000,2,BRK,-1.3,1414,-2.905182469588402,-0.3516321128050474,15.5,26-28
Jarrett Allen,jarrett allen,27,CLE,C,Center,56,1519,22.1,19.9,6.4,0.202,2.6,1.8,28000000,90720000,3,CLE,4.2,2296,3.1360572012257406,1.9821318314689789,28,26-28
Isaiah Collier,isaiah collier,21,UTA,PG,Guard,59,1517,14.8,20.4,1.7,0.053,-2.4,-0.2,2763960,2763960,2,UTA,-5.3,1839,-3.234600938967136,-0.4758357785602503,2.76396,22 and under
Isaiah Joe,isaiah joe,26,OKC,SG,Guard,71,1507,15.5,18.4,5.5,0.176,2.5,1.7,11323006,11323006,2,DET,1.3,1604,2.18574693877551,1.6026221129915381,11.323006,23-25
Jock Landale,jock landale,30,2TM,C,Center,68,1506,16.6,18.3,3.8,0.122,-0.1,0.7,14100000,14100000,1,ATL,0.4,500,-0.05017935432443204,0.7460441799764749,14.1,29-31
Zaccharie Risacher,zaccharie risacher,20,ATL,SF,Small forward,67,1503,11.8,17.6,2.3,0.074,-2.5,-0.2,13826040,13826040,2,DAL,-3.5,1843,-2.7901448362720402,-0.3017245144605885,13.82604,22 and under
Klay Thompson,klay thompson,35,DAL,SF,Small forward,69,1497,11.4,22.7,0.5,0.018,-1.4,0.2,23060317,17460317,2,DAL,-1,1965,-1.278252788104089,0.2745059898902893,23.060317,32+
Ryan Kalkbrenner,ryan kalkbrenner,24,CHO,C,Center,69,1479,17.9,11.6,5.7,0.185,1.8,1.4,2411090,2411090,3,CHO,NA,NA,1.8000000000000003,1.4278963414634147,2.41109,23-25
Keon Ellis,keon ellis,26,2TM,SG,Guard,72,1478,10.8,13,2.2,0.072,-0.5,0.6,8780488,8780488,2,BRK,1.9,1948,0.2325603259166405,0.8383445532786572,8.780488,23-25
Ja'Kobe Walter,jakobe walter,21,TOR,SG,Guard,72,1474,11.8,14,3.7,0.121,-0.3,0.6,3811800,3811800,2,TOR,-3,1103,-0.8390226244343892,0.4347765883088695,3.8118,22 and under
Patrick Williams,patrick williams,24,CHI,PF,Power forward,72,1474,8.2,16.6,-0.1,-0.005,-4.5,-0.9,18000000,36000000,3,CHI,-3.7,1576,-4.289796598866289,-0.8575102100429142,18,23-25
Ajay Mitchell,ajay mitchell,23,OKC,SG,Guard,57,1473,16.8,21.8,4.8,0.156,1.9,1.4,2850000,NA,2,OKC,-1.6,597,1.4834330143540668,1.3036323247315906,2.85,22 and under
Shaedon Sharpe,shaedon sharpe,22,POR,SG,Guard,50,1471,15.3,30.5,1.3,0.041,-1.4,0.2,20089287,90000000,4,POR,-1.3,2252,-1.3662115528882222,0.23686555022902064,20.089287,22 and under
Bilal Coulibaly,bilal coulibaly,21,WAS,SG,Guard,56,1468,13.5,19.9,1,0.031,-2.1,-0.1,9240012,9240012,1,WAS,-3.7,1948,-2.590680100755668,-0.22030446847289656,9.240012,22 and under
Grayson Allen,grayson allen,30,PHO,SG,Guard,51,1467,16.1,23.8,3.9,0.127,2.1,1.5,18125000,18125000,2,CHO,-0.3,1544,1.4766862910008411,1.295807619130649,18.125,29-31
Brandon Williams,brandon williams,26,DAL,PG,Guard,66,1463,16.8,25.1,2.5,0.083,0.4,0.9,2449421,NA,1,GSW,1,487,0.4599261689909762,0.914347557224034,2.449421,23-25
Daniss Jenkins,daniss jenkins,24,DET,PG,Guard,72,1455,13.4,21.5,2.9,0.095,-0.7,0.5,4000000,4000000,1,DET,-15.8,23,-0.7791476754785778,0.4513059278909221,4,23-25
Jaren Jackson Jr.,jaren jackson,26,2TM,C,Center,48,1454,15.7,26.2,1.4,0.047,-0.6,0.5,49000000,151500000,4,UTA,2.3,2207,0.37431876998021,0.8770984480567138,49,23-25
Javonte Green,javonte green,32,DET,SG,Guard,82,1446,14.1,14.8,4.7,0.156,2.1,1.5,3943679,3943679,1,DET,-2.3,1258,1.1108649035025018,1.1428634782684495,3.943679,29-31
Ivica Zubac,ivica zubac,28,2TM,C,Center,48,1446,18.6,19.2,4.2,0.139,-0.3,0.6,20342140,42132440,2,IND,3.1,2624,0.9814708417121517,1.0953269403241288,20.34214,26-28
Tre Johnson,tre johnson,19,WAS,SG,Guard,60,1443,10.6,22.5,-0.7,-0.024,-5,-1.1,8649600,8649600,3,WAS,NA,NA,-5,-1.0998475609756098,8.6496,22 and under
Lauri Markkanen,lauri markkanen,28,UTA,PF,Power forward,42,1443,21.1,28.1,3.5,0.118,2.6,1.6,46113154,149474044,3,UTA,-0.3,1476,1.8626356589147288,1.4161034694649275,46.113154,26-28
Khris Middleton,khris middleton,34,2TM,SF,Small forward,63,1439,10.9,20.6,0.3,0.008,-4.4,-0.9,5591122,6499000,3,WAS,0.7,843,-3.5668023255813956,-0.5728222933210438,5.591122,32+
Sidy Cissoko,sidy cissoko,21,POR,SF,Small forward,75,1435,7.1,12.5,1.3,0.045,-4,-0.7,2497812,NA,1,POR,-5.1,114,-4.028377460964019,-0.7395126159764652,2.497812,22 and under
Luke Kornet,luke kornet,30,SAS,C,Center,68,1430,17.9,10.3,6.9,0.231,3.6,2,10450000,13000000,3,SAS,3.3,1361,3.5277473013625906,2.008302500240982,10.45,29-31
Baylor Scheierman,baylor scheierman,25,BOS,SG,Guard,77,1429,11.6,11.9,3.8,0.129,0.6,0.9,2744040,2744040,2,BOS,-1.7,384,0.4109184328837508,0.8753054981176015,2.74404,23-25
Spencer Jones,spencer jones,24,DEN,SF,Small forward,64,1417,9.3,9.7,2.6,0.089,-2.4,-0.1,6000000,11750000,2,DEN,-8.5,125,-2.5742458866544786,-0.20673435502779375,6,23-25
Mark Williams,mark williams,24,PHO,C,Center,60,1416,21.8,17.4,6.3,0.215,2,1.4,11728395,38000000,3,PHO,3.5,1171,2.3241372947038195,1.5556347584605201,11.728395,23-25
Aaron Wiggins,aaron wiggins,27,OKC,SG,Guard,65,1414,11.7,19.9,2.1,0.072,-0.9,0.4,9224300,17570097,3,ATL,1.1,1744,-0.3173070497828267,0.604504022257897,9.2243,26-28
Walter Clayton,walter clayton,22,2TM,PG,Guard,69,1410,10.3,18.5,0.3,0.009,-4.3,-0.8,4190520,4190520,3,MEM,NA,NA,-4.3,-0.8239329268292682,4.19052,22 and under
Christian Braun,christian braun,24,DEN,SG,Guard,44,1399,12.6,14.8,3,0.103,-1.2,0.3,21551726,125000000,5,DEN,0.3,2675,-0.6161088474970896,0.4918861083210294,21.551726,23-25
Gui Santos,gui santos,23,GSW,PF,Power forward,68,1395,14.2,18.7,2.7,0.094,-0.6,0.5,4629630,9629630,3,GSW,-1.7,762,-0.7694360218314129,0.4361373855551776,4.62963,22 and under
Vít Krejčí,vit krejci,25,2TM,PG,Guard,65,1392,11.1,14.6,2.9,0.099,-1.6,0.1,2667944,NA,2,POR,0.7,1153,-1.1023644210921375,0.31745648522351233,2.667944,23-25
Kyshawn George,kyshawn george,22,WAS,SF,Small forward,48,1391,13.8,22.8,0.6,0.022,-1.2,0.3,3108000,3108000,2,WAS,-4.1,1802,-2.074610878661088,-0.026367818144708753,3.108,22 and under
Ben Sheppard,ben sheppard,24,IND,SG,Guard,65,1390,9.7,13.8,1.4,0.05,-3,-0.4,5031669,5031669,1,IND,-2,1229,-2.772365252824597,-0.2727611030046214,5.031669,23-25
Justin Champagnie,justin champagnie,24,WAS,SF,Small forward,69,1377,17.3,16.7,3.1,0.109,-0.4,0.6,2667944,2667944,2,WAS,-0.5,1340,-0.4244927801133249,0.551187358176817,2.667944,23-25
Will Richard,will richard,23,GSW,SG,Guard,69,1377,11,13,2.5,0.089,-1.7,0.1,2150917,2150917,3,GSW,NA,NA,-1.7,0.10495426829268295,2.150917,22 and under
Gary Trent Jr.,gary trent,27,MIL,SG,Guard,65,1377,8,17.2,-0.1,-0.002,-5.4,-1.2,15200000,64000000,4,MIL,-1.6,1893,-4.205876494023904,-0.7717205112476923,15.2,26-28
Sam Merrill,sam merrill,29,CLE,SG,Guard,52,1377,13.6,17,3.7,0.127,0.1,0.7,9160715,29517856,3,CLE,0.3,1401,0.15065075921908894,0.7523999226231417,9.160715,26-28
Anfernee Simons,anfernee simons,26,2TM,SG,Guard,55,1372,14.4,23.6,2.9,0.101,-0.1,0.7,6000000,6000000,2,PHI,-0.1,2292,-0.1,0.6622967479674796,6,23-25
Jose Alvarado,jose alvarado,27,2TM,PG,Guard,69,1370,12.1,16.8,2.2,0.077,-1,0.3,4500000,14580000,3,NYK,-1.4,1366,-1.0997808619430243,0.31333847030946566,4.5,26-28
Malik Monk,malik monk,27,SAC,SG,Guard,62,1364,14.2,24,1,0.034,-1.3,0.2,20190035,20190035,2,SAC,-0.8,2054,-1.1328994467946634,0.30048911447461363,20.190035,26-28
Ryan Dunn,ryan dunn,23,PHO,SF,Small forward,70,1355,11.7,13.7,2.6,0.093,-0.9,0.4,2784240,2784240,2,PHO,-4.1,1410,-1.7241095890410958,0.09497751698407399,2.78424,22 and under
Josh Okogie,josh okogie,27,HOU,SG,Guard,78,1354,9.9,11.3,2.7,0.095,-1.2,0.3,6000000,6000000,2,UTA,1.5,625,-0.839961595903563,0.39905792661244294,6,26-28
Kobe Sanders,kobe sanders,23,LAC,SG,Guard,68,1351,10,16.3,1.4,0.051,-2.9,-0.3,2622139,5375385,4,LAC,NA,NA,-2.9,-0.30891768292682925,2.622139,22 and under
Derrick Jones Jr.,derrick jones,28,LAC,SF,Small forward,50,1350,13.3,15.1,2.8,0.1,-0.7,0.5,10476190,10476190,1,LAC,-0.3,1873,-0.5735100455850076,0.4892686581453861,10.47619,26-28
Darius Garland,darius garland,26,2TM,PG,Guard,45,1344,17.1,27.4,2.6,0.092,-0.2,0.6,42166510,87053440,2,LAC,3.1,2301,0.9990052108005685,1.02405055978556,42.16651,23-25
Aaron Nesmith,aaron nesmith,26,IND,SF,Small forward,45,1335,10.8,19.8,0.7,0.026,-3.4,-0.5,11000000,51389440,3,IND,-0.5,1122,-2.765359859566998,-0.2595923304171602,11,23-25
Kris Murray,kris murray,25,POR,SF,Small forward,57,1333,9.6,10.6,2.2,0.079,-1.5,0.2,5315004,5315004,1,MEM,-3,1040,-1.8095852351657076,0.06448752071242678,5.315004,23-25
Stephen Curry,stephen curry,37,GSW,PG,Guard,43,1329,22.6,32.5,4.1,0.147,5.4,2.5,62587158,62587158,1,GSW,6.3,2252,5.724859753165571,2.608317736777704,62.587158,32+
Jordan Miller,jordan miller,26,LAC,SF,Small forward,60,1325,15.9,18,3.5,0.125,0.2,0.8,5300000,5300000,3,LAC,-2.8,420,-0.08668941979522184,0.6440895626959682,5.3,23-25
Drake Powell,drake powell,20,BRK,SG,Guard,63,1320,7.3,14.9,-0.1,-0.003,-6,-1.3,3540600,3540600,3,BRK,NA,NA,-6,-1.3414634146341464,3.5406,22 and under
Jericho Sims,jericho sims,27,MIL,C,Center,67,1318,12.9,9.8,3.2,0.117,-3.1,-0.4,2801346,2801346,1,MIL,-3,632,-3.0862189271696465,-0.36372879725853513,2.801346,26-28
Dean Wade,dean wade,29,CLE,PF,Power forward,59,1318,10.9,9.9,3.1,0.114,0.2,0.7,9000000,30000000,4,PHI,0.3,1252,0.22404917402996544,0.7447400435395057,9,26-28
Isaiah Stewart,isaiah stewart,24,DET,C,Center,58,1317,15.2,16.6,4.1,0.149,0,0.7,15000000,15000000,2,MEM,0.6,1434,0.15977715877437326,0.7226693389496569,15,23-25
Egor Dëmin,egor demin,19,BRK,PG,Guard,52,1308,11.3,18.8,0.9,0.032,-1.6,0.1,7233720,7233720,3,BRK,NA,NA,-1.6,0.13292682926829266,7.23372,22 and under
Alex Sarr,alex sarr,20,WAS,C,Center,48,1305,19.4,25.7,1.6,0.059,0.7,0.9,12370680,12370680,2,WAS,-3.3,1814,-0.5665386629429221,0.47527109879560125,12.37068,22 and under
Yves Missi,yves missi,21,NOP,C,Center,66,1297,15,12.6,2.7,0.098,-1.7,0.1,3512760,3512760,2,NOP,-3,1956,-2.1348896870189837,-0.04444916769909093,3.51276,22 and under
Nicolas Batum,nicolas batum,37,LAC,PF,Power forward,74,1295,8.4,9.6,1.8,0.066,-1,0.3,5881680,NA,1,LAC,0.8,1367,-0.5314927646610815,0.4831597738221289,5.88168,32+
Ziaire Williams,ziaire williams,24,BRK,SF,Small forward,56,1281,12.4,18.9,1.6,0.059,-1.7,0.1,2449421,2449421,1,LAL,-2.3,1541,-1.8717310549777118,0.04174606671075997,2.449421,23-25
Jordan Clarkson,jordan clarkson,33,NYK,SG,Guard,72,1279,11.6,21.1,1.9,0.072,-3.3,-0.4,2449421,2449421,1,NYK,-1.5,962,-2.9391748280891856,-0.30518409683081005,2.449421,32+
Jaylin Williams,jaylin williams,23,OKC,PF,Power forward,65,1277,13.8,15.6,4.1,0.155,2.7,1.5,7774648,7774648,2,OKC,4.3,784,2.97180931744312,1.613059069709061,7.774648,22 and under
Kevin Porter Jr.,kevin porter,25,MIL,PG,Guard,38,1261,18.7,24.3,2.8,0.106,2.1,1.3,5390700,5390700,1,MIL,-0.6,1482,1.3399999999999999,1.070055894308943,5.3907,23-25
Coby White,coby white,25,2TM,SG,Guard,50,1249,16.1,28.8,2,0.076,-1.3,0.2,22839506,74000000,3,CHO,-0.9,2450,-1.141858964014846,0.2723115228519963,22.839506,23-25
Collin Murray-Boyles,collin murray boyles,20,TOR,PF,Power forward,57,1246,16.4,15.5,4,0.154,1,1,6649560,6649560,3,TOR,NA,NA,1,0.9496951219512195,6.64956,22 and under
Nolan Traoré,nolan traore,19,BRK,PG,Guard,56,1243,7.9,22.8,-1.6,-0.063,-6.8,-1.5,4002000,4002000,3,BRK,NA,NA,-6.8,-1.5158536585365854,4.002,22 and under
Adem Bona,adem bona,22,PHI,C,Center,71,1234,12.8,11.1,2.9,0.112,-2.9,-0.3,2296271,NA,2,PHI,-2.7,905,-2.8607119600607778,-0.2698471947954776,2.296271,22 and under
Andre Drummond,andre drummond,32,PHI,C,Center,63,1231,16.4,14.9,3.4,0.133,-0.6,0.4,2449421,2449421,1,NYK,-3.2,751,-1.0393789378937894,0.30043814213738446,2.449421,29-31
Zach LaVine,zach lavine,30,SAC,SG,Guard,39,1224,14.7,23.7,1.3,0.051,-1.5,0.2,48967380,48967380,1,SAC,0.7,2602,-0.5875996174689195,0.4392220701773482,48.96738,29-31
Jordan Walsh,jordan walsh,21,BOS,PF,Power forward,68,1212,13.1,11.7,3.8,0.15,0.2,0.7,2406205,17406205,4,BOS,-3.9,403,-0.20908640752661542,0.5514703440238167,2.406205,22 and under
Jaxson Hayes,jaxson hayes,25,LAL,C,Center,66,1207,18.3,13,5,0.199,1.2,1,6000000,6000000,2,UTA,-0.3,1093,0.8522061943148069,0.8746475804212327,6,23-25
Joel Embiid,joel embiid,31,PHI,C,Center,38,1201,24.7,33.5,4.1,0.163,4.9,2.1,58100000,120848000,3,PHI,3.5,574,4.707613119463731,2.046708169836367,58.1,29-31
Marvin Bagley III,marvin bagley,26,2TM,PF,Power forward,60,1201,20.2,18.6,3.8,0.15,0.8,0.8,2449421,2449421,1,DEN,-1.2,265,0.6629782833505689,0.812560192658545,2.449421,23-25
Santi Aldama,santi aldama,25,MEM,PF,Power forward,43,1198,16.3,20.2,2.3,0.092,1.7,1.1,17007043,17007043,2,DAL,3.2,1660,2.1739246288542065,1.2704170999408892,17.007043,23-25
Daniel Gafford,daniel gafford,27,DAL,C,Center,55,1195,18.8,15.8,4.1,0.167,0.7,0.8,17263584,54380289,3,DAL,3.8,1226,1.4899812928705052,1.0595852756555522,17.263584,26-28
Danny Wolf,danny wolf,21,BRK,PF,Power forward,57,1187,12.3,20.6,0.8,0.032,-2.5,-0.2,2941440,2941440,3,BRK,NA,NA,-2.5,-0.15078760162601626,2.94144,22 and under
Jimmy Butler,jimmy butler,36,GSW,SF,Small forward,38,1182,23.5,23.3,5.7,0.233,5.5,2.3,56832773,56832773,1,GSW,4.9,1746,5.30204081632653,2.1928384768541562,56.832773,32+
Mouhamed Gueye,mouhamed gueye,23,ATL,PF,Power forward,77,1179,12,12.4,2.7,0.11,-1.3,0.2,2406205,2406205,1,ATL,-0.6,533,-1.2083292383292383,0.23713918394558636,2.406205,22 and under
GG Jackson II,gg jackson,21,MEM,PF,Power forward,55,1178,15.6,23.5,1.3,0.052,-1.2,0.2,2406205,2406205,1,MEM,-5.3,459,-1.6712997746055598,0.09837623615717749,2.406205,22 and under
Bones Hyland,bones hyland,25,MIN,PG,Guard,71,1177,15.1,20.6,3.1,0.126,1.7,1.1,2845883,2845883,1,MIN,2.7,239,1.763395225464191,1.125385208427681,2.845883,23-25
De'Andre Hunter,deandre hunter,28,2TM,SF,Small forward,45,1176,11.4,22.9,1.1,0.044,-3.9,-0.6,24910714,24910714,1,SAC,0.4,1740,-2.4797266514806378,-0.14333296294238568,24.910714,26-28
Mitchell Robinson,mitchell robinson,27,NYK,C,Center,60,1175,21.1,10.7,5.8,0.236,3.5,1.6,15044000,47388600,3,BOS,3.3,290,3.484796854521625,1.6373567845688284,15.044,26-28
Simone Fontecchio,simone fontecchio,30,MIA,SF,Small forward,70,1173,13.8,19.6,2.6,0.106,0.5,0.7,2449421,2449421,1,MIA,-2.9,1237,-0.38431455004205217,0.481503819309114,2.449421,29-31
Ryan Nembhard,ryan nembhard,22,DAL,PG,Guard,60,1171,10.9,17.5,0.8,0.031,-4.1,-0.6,2150917,2150917,1,ATL,NA,NA,-4.1,-0.6247713414634145,2.150917,22 and under
Landry Shamet,landry shamet,28,NYK,SG,Guard,51,1171,11.2,15.7,2.6,0.106,-0.3,0.5,5357143,24000000,4,NYK,-2.4,762,-0.6743157894736843,0.39440452503209245,5.357143,26-28
Day'Ron Sharpe,dayron sharpe,24,BRK,C,Center,62,1160,20.5,19.9,3.5,0.144,1.4,1,10000000,10000000,2,BRK,0.9,908,1.2965360072926164,0.9715400834500597,10,23-25
Jared McCain,jared mccain,21,2TM,SG,Guard,67,1160,11.6,20.7,1.5,0.06,-2.4,-0.1,4422600,4422600,2,OKC,0.2,592,-2.0220039292730845,-0.006484897854872457,4.4226,22 and under
Quinten Post,quinten post,25,GSW,PF,Power forward,67,1159,13,18.8,1.9,0.078,-1.1,0.3,8285714,8285714,3,MEM,0.1,686,-0.9022579870285853,0.323242630343971,8.285714,23-25
Svi Mykhailiuk,svi mykhailiuk,28,UTA,SF,Small forward,50,1156,11.4,14.8,1.1,0.048,-1.7,0.1,3850000,NA,2,UTA,-3.5,760,-2.0235572374645225,-0.00691874149110469,3.85,26-28
Caris LeVert,caris levert,31,DET,SG,Guard,60,1154,10.9,18.4,1.6,0.066,-0.4,0.5,14809200,14809200,1,MIL,0.9,1596,0.010201660735468557,0.5893731495144132,14.8092,29-31
Jakob Poeltl,jakob poeltl,30,TOR,C,Center,46,1149,18.1,15.3,4.3,0.18,1.6,1,19500000,76284000,4,TOR,2,1686,1.731385154880187,1.089268684694445,19.5,29-31
Craig Porter Jr.,craig porter,25,CLE,PG,Guard,64,1148,13.7,12.3,2.8,0.116,2,1.2,2406205,2406205,1,CLE,1.1,513,1.8833206974981045,1.1326352034369471,2.406205,23-25
Gary Payton II,gary payton,33,GSW,SG,Guard,73,1142,18.3,18.4,3.5,0.149,1.9,1.1,2449421,2449421,1,GSW,1.4,927,1.793521709166092,1.1006610243566253,2.449421,32+
Dru Smith,dru smith,28,MIA,SG,Guard,70,1141,14.5,15.2,3,0.127,2.2,1.2,2584539,NA,2,MIA,2.1,268,2.1927390950961803,1.2154256370692942,2.584539,26-28
Isaiah Hartenstein,isaiah hartenstein,27,OKC,C,Center,47,1137,19.8,16.1,5.3,0.223,4.2,1.8,23148148,48148148,3,OKC,3.2,1590,3.882063587282544,1.6991631856555518,23.148148,26-28
Paul George,paul george,35,PHI,PF,Power forward,37,1135,16.7,23.3,2.5,0.108,1.7,1.1,54126380,54126380,2,BOS,-0.4,1334,1.1088626292466766,0.8964835071633581,54.12638,32+
Jarred Vanderbilt,jarred vanderbilt,26,LAL,PF,Power forward,65,1128,11.2,12.4,1.8,0.079,-1.5,0.1,12428571,12428571,2,LAL,-1,581,-1.426733921815889,0.16428966874788548,12.428571,23-25
De'Anthony Melton,deanthony melton,27,GSW,PG,Guard,49,1125,13.4,25.4,0.7,0.031,-2.5,-0.1,5477000,5477000,2,GSW,-0.8,121,-2.4411613272311214,-0.12609412935340744,5.477,26-28
Luka Garza,luka garza,27,BOS,C,Center,69,1118,19.9,17.7,5.3,0.226,2.4,1.2,2801346,2801346,1,BOS,-2.3,219,2.111922753988245,1.167969928597271,2.801346,26-28
Taylor Hendricks,taylor hendricks,22,2TM,PF,Power forward,59,1118,12.2,16.2,1.1,0.049,-2.4,-0.1,7805900,7805900,1,MEM,-3.5,75,-2.4240594925634293,-0.120451857897844,7.8059,22 and under
John Konchar,john konchar,29,2TM,SG,Guard,56,1115,13.6,9.4,2.4,0.104,0.9,0.8,4504421,NA,3,NYK,1.7,558,1.0143735588009224,0.8539193389387776,4.504421,26-28
Ousmane Dieng,ousmane dieng,22,2TM,C,Center,57,1099,10.2,19.7,0.3,0.012,-3.8,-0.5,5750000,11500000,3,MIL,-0.9,405,-3.482739059967585,-0.41400666333952646,5.75,22 and under
Jalen Smith,jalen smith,25,CHI,C,Center,53,1095,16.6,19,2.6,0.114,-0.7,0.4,9428571,9428571,1,CHI,0.9,962,-0.3375794678596657,0.46248741938355337,9.428571,23-25
Kentavious Caldwell-Pope,kentavious caldwell pope,32,MEM,SG,Guard,51,1088,11,17.7,0.7,0.032,-2.5,-0.1,20194392,17744971,1,MEM,-1.4,2279,-2.047735883095797,-0.013195284758187731,20.194392,29-31
Hugo González,hugo gonzalez,19,BOS,SF,Small forward,74,1084,10.2,11.8,2.2,0.099,-1.5,0.1,2923560,2923560,3,BOS,NA,NA,-1.5,0.13770325203252032,2.92356,22 and under
Jusuf Nurkić,jusuf nurkic,31,UTA,C,Center,41,1083,16.4,19.3,1.5,0.068,1.1,0.9,10576923,22000000,2,UTA,-1.3,1063,0.50834879406308,0.6901782886103444,10.576923,29-31
Miles McBride,miles mcbride,25,NYK,SG,Guard,41,1080,13.1,18.2,2.7,0.119,1.2,0.9,3956523,3956523,1,NYK,0,1593,0.8044692737430168,0.7695190080392424,3.956523,23-25
Corey Kispert,corey kispert,26,2TM,SF,Small forward,58,1080,13.1,18.6,1.8,0.082,-1.9,0,13975000,27025000,3,ATL,-3.7,1602,-2.4955390334572494,-0.13597107625351354,13.975,23-25
Gradey Dick,gradey dick,22,TOR,SG,Guard,76,1067,10.7,18.7,1.4,0.064,-3.6,-0.4,7131511,7131511,1,LAC,-3.2,1587,-3.4674185463659146,-0.3977986760600688,7.131511,22 and under
Giannis Antetokounmpo,giannis antetokounmpo,31,MIL,PF,Power forward,36,1039,32.6,37,5,0.231,9.5,3,58456566,58456566,2,MIA,9.5,2289,9.5,3.035696138211382,58.456566,29-31
Tyler Herro,tyler herro,26,MIA,SG,Guard,33,1033,17.1,24.7,2.4,0.112,2,1.1,33000000,33000000,1,MIL,3.1,2725,2.514680631868132,1.1848742613617327,33,23-25
Alex Caruso,alex caruso,31,OKC,SG,Guard,56,1020,12.8,15.7,2.5,0.12,1.9,1,19550160,62994960,3,OKC,4,1041,2.4330651060716897,1.1488126037076025,19.55016,29-31
Franz Wagner,franz wagner,24,ORL,SF,Small forward,34,1019,19.2,27,2.8,0.134,2.5,1.2,41754690,185576400,4,ORL,3.1,2023,2.738937007874015,1.2268741897925868,41.75469,23-25
Robert Williams,robert williams,28,POR,C,Center,59,1008,22.1,13.1,4.5,0.213,4.5,1.7,13968254,18968254,3,POR,3,351,4.344,1.6246829268292684,13.968254,26-28
Aaron Gordon,aaron gordon,30,DEN,PF,Power forward,36,1005,18.5,21.9,3.2,0.153,1.7,0.9,33658037,70008717,3,DEN,1.2,1447,1.537852980726132,0.9033389851701633,33.658037,29-31
Nae'Qwan Tomlin,naeqwan tomlin,25,CLE,PF,Power forward,64,1004,12.9,15.5,2.2,0.107,-2.1,0,2411090,2411090,1,CLE,-5.5,63,-2.169658536585366,-0.04327672020622649,2.41109,23-25
Mike Conley,mike conley,38,MIN,PG,Guard,54,991,9.4,11.5,1.9,0.092,-1.3,0.2,2449421,2449421,1,BOS,1.2,1756,-0.371685345739057,0.40997454836702096,2.449421,32+
Olivier-Maxence Prosper,olivier maxence prosper,23,MEM,PF,Power forward,53,984,16.9,18.9,2.4,0.119,-0.1,0.5,3500172,2497812,2,MEM,-2.1,584,-0.430316742081448,0.392420814479638,3.500172,22 and under
Tyus Jones,tyus jones,29,3TM,PG,Guard,67,979,8.3,10.7,1,0.051,-2.4,-0.1,2449421,2449421,1,DEN,0.1,2174,-1.3366073175503816,0.16500544616823587,2.449421,26-28
Justin Edwards,justin edwards,22,PHI,SF,Small forward,64,977,12.1,16.1,1.7,0.086,-1.3,0.2,2411090,2411090,2,PHI,-3.7,1155,-1.9784140969162998,0.005358086207514006,2.41109,22 and under
Ochai Agbaji,ochai agbaji,25,2TM,SG,Guard,62,973,8.9,14.6,0.9,0.046,-4,-0.5,2449421,NA,1,NYK,-0.7,1739,-2.767990553885788,-0.1898513234072337,2.449421,23-25
Goga Bitadze,goga bitadze,26,ORL,C,Center,64,972,20.1,13.5,4.4,0.218,2.8,1.2,7608696,7608696,1,ORL,2.5,1430,2.701288541187299,1.1609889385249124,7.608696,23-25
Rob Dillingham,rob dillingham,21,2TM,PG,Guard,65,970,7.7,23.1,-1.1,-0.056,-7.3,-1.3,6889320,6889320,2,CHI,-4.2,516,-6.833099824868651,-1.1910840523685449,6.88932,22 and under
Al Horford,al horford,39,GSW,C,Center,45,969,14.7,16.5,2.1,0.105,1.6,0.9,6822000,13985100,2,GSW,1.2,1659,1.454664914586071,0.8505005849171502,6.822,32+
T.J. McConnell,tj mcconnell,33,IND,PG,Guard,56,963,20.5,23.2,2.6,0.132,2.5,1.1,11000000,22800000,3,IND,1.2,1415,2.07260687732342,0.9964228716622086,11,32+
Anthony Gill,anthony gill,33,WAS,PF,Power forward,55,951,13.4,11.9,1.7,0.087,-2.6,-0.2,2449421,2449421,1,WAS,-4.5,397,-2.832092307692308,-0.20104669324577867,2.449421,32+
Kasparas Jakučionis,kasparas jakucionis,19,MIA,PG,Guard,53,945,11.9,13.7,2.3,0.114,-0.4,0.4,3841680,3841680,3,MIL,NA,NA,-0.4,0.38414634146341464,3.84168,22 and under
Jalen Williams,jalen williams,24,OKC,SG,Guard,33,936,19,26.2,3,0.156,2.1,1,41500000,240700000,5,OKC,4,2237,2.942477700693756,1.1753453068722954,41.5,23-25
Jordan Poole,jordan poole,26,NOP,PG,Guard,39,933,11.5,25.1,0.2,0.01,-3.5,-0.4,34044642,34044642,1,NOP,0.4,2001,-1.8741875,0.02982293254573173,34.044642,23-25
Clint Capela,clint capela,31,HOU,C,Center,75,926,17.9,13.7,3,0.156,0.4,0.6,7035000,14405000,2,HOU,-1,1176,-0.016388467374810294,0.46667283516537744,7.035,29-31
Ben Saraf,ben saraf,19,BRK,SG,Guard,44,916,7.8,21,-1.1,-0.057,-7.3,-1.2,3028560,3028560,3,BRK,NA,NA,-7.3,-1.2334349593495935,3.02856,22 and under
Micah Peavy,micah peavy,24,NOP,SG,Guard,61,913,8.3,14,0.4,0.02,-5.2,-0.7,2150917,2150917,3,MEM,NA,NA,-5.2,-0.7422764227642278,2.150917,23-25
Karlo Matković,karlo matkovic,24,NOP,PF,Power forward,62,912,16.5,13.1,2.7,0.141,0.7,0.6,2296271,2296271,1,NOP,-2,791,0.09447122200170122,0.4853043075369795,2.296271,23-25
Josh Green,josh green,25,CHO,SG,Guard,58,908,9.7,10.6,1.9,0.099,-0.7,0.3,14679012,14679012,1,UTA,-4.3,1887,-2.1732595966167856,-0.03996943946342513,14.679012,23-25
Micah Potter,micah potter,27,IND,C,Center,47,908,17,18,2.6,0.135,0.7,0.6,2801346,2801346,1,POR,-3.5,705,-0.16351706036745414,0.42366019034206087,2.801346,26-28
Isaiah Jackson,isaiah jackson,24,2TM,C,Center,55,908,17.3,16.2,2.6,0.139,-1.2,0.2,7000000,13400000,2,LAC,0.8,84,-1.14017094017094,0.19835487457438683,7,23-25
Paul Reed,paul reed,26,DET,C,Center,65,901,24.2,20.6,4.5,0.239,5.3,1.6,5602689,NA,1,DET,2.9,438,4.965329512893983,1.5944516999790341,5.602689,23-25
Jaden Hardy,jaden hardy,23,2TM,SG,Guard,57,898,10.9,24.4,-0.2,-0.01,-4.8,-0.6,6000000,6000000,2,LAL,-4.7,907,-4.7748125520688705,-0.633074611727095,6,22 and under
Jaylen Clark,jaylen clark,24,MIN,SG,Guard,68,888,10.3,13.3,1.7,0.09,-2.4,-0.1,3086420,10000000,3,MIN,-0.2,522,-2.0395480225988702,-0.008922419732671947,3.08642,23-25
Bryce McGowens,bryce mcgowens,23,NOP,SG,Guard,42,880,11.7,14,1.7,0.094,-2.9,-0.2,2584539,2584539,2,NOP,-13.6,32,-3.0281437125748503,-0.2298695292342145,2.584539,22 and under
Jevon Carter,jevon carter,30,2TM,PG,Guard,53,867,10.7,17,0.9,0.052,-1.1,0.2,2449421,2449421,1,ORL,-2.1,321,-1.2098562628336758,0.17404842990935038,2.449421,29-31
Trendon Watford,trendon watford,25,PHI,PF,Power forward,53,864,13.1,17.9,1.4,0.078,-1.9,0,2449421,NA,1,NOP,-3.1,913,-2.2125820256776034,-0.04666434709996173,2.449421,23-25
Julian Strawther,julian strawther,23,DEN,SG,Guard,57,861,12.5,19.4,1.3,0.071,-2.3,-0.1,4826931,4826931,1,DEN,-4.5,1384,-3.0675321401562896,-0.23352265565918837,4.826931,22 and under
Caleb Martin,caleb martin,30,DAL,SF,Small forward,58,856,9.3,12.5,0.9,0.048,-2.2,0,10001493,10001493,2,DAL,-3.2,1218,-2.5217115689381933,-0.11346166235037944,10.001493,29-31
Kenrich Williams,kenrich williams,31,OKC,PF,Power forward,56,855,14.2,18.3,2.3,0.13,0.2,0.5,5000000,5000000,1,OKC,0.6,1132,0.32247768460914256,0.5045016311841506,5,29-31
Kyle Anderson,kyle anderson,32,3TM,SF,Small forward,43,853,13.7,13.2,1.9,0.105,0.4,0.5,2449421,2449421,1,TOR,1.5,1002,0.7095197978096041,0.5872003017102623,2.449421,29-31
Daeqwon Plowden,daeqwon plowden,27,SAC,SG,Guard,32,844,10.7,16.4,0.8,0.043,-4.4,-0.5,2449421,5113822,2,SAC,-0.1,72,-4.281105990783411,-0.4891395976171745,2.449421,26-28
Josh Minott,josh minott,23,2TM,PF,Power forward,49,834,16,16.8,2.4,0.139,2.5,1,4500000,4500000,2,BRK,2.2,276,2.470194384449244,0.9471905784122636,4.5,22 and under
Jonathan Kuminga,jonathan kuminga,23,2TM,PF,Power forward,36,830,14.2,23.4,1,0.059,-2,0,6064000,6064000,2,MIN,-0.6,1144,-1.5592735277930656,0.09293774693388099,6.064,22 and under
Jalen Green,jalen green,23,PHO,SG,Guard,32,828,14.8,31.9,0.3,0.019,-1.1,0.2,36251166,36251166,2,PHO,0.5,2697,-0.2671105964099595,0.3645407586820512,36.251166,22 and under
Buddy Hield,buddy hield,33,2TM,SG,Guard,51,819,12.8,20.3,1,0.06,-1,0.2,9658536,9658536,2,ATL,-1,1863,-1,0.20807926829268292,9.658536,32+
Carter Bryant,carter bryant,20,SAS,PF,Power forward,71,818,9.9,16.3,1.3,0.076,-3,-0.2,5145360,5145360,3,SAS,NA,NA,-3,-0.20782520325203252,5.14536,22 and under
Nikola Jović,nikola jovic,22,MIA,PF,Power forward,47,808,9.5,21.4,0,0.001,-3.5,-0.3,16200000,62400000,4,MIA,0.3,1156,-2.2729608938547488,-0.05603465503928785,16.2,22 and under
Keegan Murray,keegan murray,25,SAC,PF,Power forward,23,793,11.7,18.7,0.2,0.011,-3.1,-0.2,24137936,140000000,5,SAC,-1.6,2610,-2.3152736019242335,-0.0635193003876822,24.137936,23-25
Kristaps Porziņģis,kristaps porzingis,30,2TM,C,Center,32,769,19.6,27.3,2.4,0.148,1.9,0.8,19512195,19512195,2,GSW,4.7,1210,2.8633210122263293,0.9501762851631217,19.512195,29-31
Jabari Walker,jabari walker,23,PHI,PF,Power forward,64,762,12.5,15,1.7,0.106,-2.7,-0.1,2584539,NA,1,PHI,-0.8,749,-2.2311037891268533,-0.04474112990718043,2.584539,22 and under
Noah Penda,noah penda,21,ORL,SF,Small forward,59,757,11.3,14.8,1.1,0.07,-1.5,0.1,2150917,2150917,3,ORL,NA,NA,-1.5,0.09616361788617886,2.150917,22 and under
Scoot Henderson,scoot henderson,21,POR,PG,Guard,30,748,12.9,25,1,0.064,-2.2,0,13585523,13585523,1,POR,-2.2,1759,-2.2,-0.03800813008130085,13.585523,22 and under
Pete Nance,pete nance,25,MIL,PF,Power forward,47,737,11.6,13.5,1.1,0.072,-2.3,-0.1,2537526,2537526,2,MIL,-4.9,138,-2.4527458492975733,-0.08477481985068891,2.537526,23-25
Thomas Bryant,thomas bryant,28,CLE,C,Center,60,732,17.2,18.6,2.3,0.153,0.1,0.4,2449421,2449421,1,CLE,0.6,963,0.25242165242165243,0.4188954902369536,2.449421,26-28
Steven Adams,steven adams,32,HOU,C,Center,32,730,15.8,12.1,2.1,0.141,-0.5,0.3,13000000,24869566,2,HOU,0.3,794,-0.2871313672922252,0.31768142832232615,13,29-31
Tyler Kolek,tyler kolek,24,NYK,PG,Guard,62,727,12.5,18.4,1.4,0.093,-0.6,0.3,2296271,2296271,2,NYK,-2.8,296,-0.8628986677432378,0.210028625139905,2.296271,23-25
Leonard Miller,leonard miller,22,2TM,SF,Small forward,46,719,15.9,18.7,1.6,0.105,-1.3,0.1,2406205,2406205,1,CHI,-3.7,32,-1.3350845134764735,0.1214619499010202,2.406205,22 and under
Grant Williams,grant williams,27,CHO,PF,Power forward,36,711,12.9,14.1,1.9,0.131,1.6,0.7,14265750,14265750,1,CHO,-1.6,479,1.0131699846860645,0.5442997609531992,14.26575,26-28
Nick Richards,nick richards,28,2TM,C,Center,48,701,11.9,18.2,0.6,0.04,-6.1,-0.7,2449421,2449421,1,MIA,-3.3,1256,-5.053021732658529,-0.543741929520739,2.449421,26-28
Devin Carter,devin carter,23,SAC,PG,Guard,38,700,13.8,23.5,0.2,0.012,-2.6,-0.1,7607501,5158080,1,ATL,-3.2,396,-2.6951923076923077,-0.12363684333958723,7.607501,22 and under
Jordan Hawkins,jordan hawkins,23,NOP,SG,Guard,51,692,7.6,18.2,-0.4,-0.029,-6.2,-0.7,7021895,7021895,1,MEM,-5.4,1321,-5.888901972328526,-0.6837195540780843,7.021895,22 and under
Rasheer Fleming,rasheer fleming,21,PHO,PF,Power forward,55,673,10.2,16.3,0.8,0.055,-3.8,-0.3,2150917,4676818,3,PHO,NA,NA,-3.8000000000000003,-0.30777439024390246,2.150917,22 and under
Tre Mann,tre mann,24,CHO,PG,Guard,53,669,8.3,23.3,0,-0.003,-5.3,-0.5,8000000,8000000,2,WAS,-2.4,319,-4.902278589853825,-0.49329887617180107,8,23-25
Gary Harris,gary harris,31,MIL,SG,Guard,48,661,8,8.5,0.7,0.054,-2.5,-0.1,3815861,3815861,1,DET,-2.7,711,-2.5527839643652563,-0.09283287612942949,3.815861,29-31
Jamaree Bouyea,jamaree bouyea,26,PHO,PG,Guard,46,644,13.5,18.5,1.1,0.086,-0.4,0.3,2584539,2584539,1,PHO,-5.4,62,-0.5554663991975929,0.23635153427762964,2.584539,23-25
Johnny Furphy,johnny furphy,21,IND,SG,Guard,35,643,9.2,12.8,0.5,0.036,-3.7,-0.3,2296271,2296271,2,IND,-2.5,379,-3.502946273830156,-0.24552704625833086,2.296271,22 and under
Mohamed Diawara,mohamed diawara,20,NYK,SF,Small forward,69,634,10.3,17.1,0.9,0.072,-1.7,0,2232143,10000000,4,NYK,NA,NA,-1.7,0.04832317073170732,2.232143,22 and under
Zeke Nnaji,zeke nnaji,25,DEN,PF,Power forward,52,626,10.3,13.7,0.9,0.066,-3.5,-0.3,7466667,7466667,2,DEN,-1.3,608,-2.9619469026548675,-0.152992571408015,7.466667,23-25
Anthony Davis,anthony davis,32,DAL,PF,Power forward,20,626,21.5,27.5,1.3,0.103,2.4,0.7,58456566,58456566,2,WAS,5.4,1706,3.828013392857143,0.9269147316891695,58.456566,29-31
Dorian Finney-Smith,dorian finney smith,32,HOU,PF,Power forward,37,620,5.8,10.7,0.5,0.042,-4.3,-0.4,13335000,26670000,3,CHO,-1,1818,-2.66884176182708,-0.1053561718325177,13.335,29-31
Taurean Prince,taurean prince,31,MIL,SF,Small forward,26,611,10.5,16.2,0.5,0.039,-3.1,-0.2,3815861,3815861,1,DET,-1.7,2166,-2.341710427606902,-0.05304498761885595,3.815861,29-31
Jase Richardson,jase richardson,20,ORL,SG,Guard,54,587,11.5,16.8,1,0.082,-2.5,-0.1,3132360,3132360,3,ORL,NA,NA,-2.5,-0.07456808943089431,3.13236,22 and under
Tidjane Salaün,tidjane salaun,20,CHO,PF,Power forward,37,575,12.9,14.9,1.4,0.117,-0.8,0.2,8237880,8237880,2,CHO,-5.2,1244,-2.643583698214887,-0.0940194681081199,8.23788,22 and under
Ja Morant,ja morant,26,MEM,PG,Guard,20,569,16.6,32.5,0.3,0.024,-1.5,0.1,42166510,87053440,2,POR,2.4,1519,0.3363608183508988,0.33775134797806444,42.16651,23-25
Domantas Sabonis,domantas sabonis,29,SAC,C,Center,19,564,19.2,23,1.1,0.095,0.6,0.4,45472000,94080000,2,SAC,5.2,2429,3.3113322009221062,0.7610750409857896,45.472,26-28
Dalton Knecht,dalton knecht,24,LAL,SF,Small forward,54,553,10.2,17.7,0.4,0.038,-3.6,-0.2,4201080,4201080,2,LAL,-1.8,1494,-2.7470980019029496,-0.10496575077549063,4.20108,23-25
Drew Eubanks,drew eubanks,28,SAC,C,Center,42,552,13.6,16.3,0.6,0.053,-3.7,-0.2,2449421,NA,1,NYK,-0.7,746,-2.768276436303081,-0.10774608557909063,2.449421,26-28
Dalen Terry,dalen terry,23,2TM,SG,Guard,48,551,11.6,14.8,0.7,0.063,-1.7,0,1357763,NA,1,GSW,-3.8,987,-2.4851136363636366,-0.0679109790742794,1.357763,22 and under
Tyrese Proctor,tyrese proctor,21,CLE,PG,Guard,50,545,12.2,22,0.7,0.066,-2.8,-0.1,2150917,2150917,3,CLE,NA,NA,-2.8,-0.1107723577235772,2.150917,22 and under
Terrence Shannon Jr.,terrence shannon,25,MIN,SG,Guard,43,538,11.1,17.7,1,0.09,-3.6,-0.2,2801640,2801640,2,MIN,-2.1,339,-3.33963133640553,-0.18311017758795098,2.80164,23-25
Moussa Cisse,moussa cisse,23,DAL,C,Center,38,530,16,14.3,1.3,0.116,-2.9,-0.1,2185116,2185116,2,DAL,NA,NA,-2.9,-0.12118902439024389,2.185116,22 and under
Cole Anthony,cole anthony,25,MIL,PG,Guard,35,527,10.7,25.8,-0.5,-0.042,-4.7,-0.4,3700000,7400000,2,MEM,0.1,1234,-2.5958436944937837,-0.07977886864792276,3.7,23-25
Jayson Tatum,jayson tatum,27,BOS,PF,Power forward,16,522,20.3,30,1.6,0.148,4.8,0.9,58456566,188360046,4,BOS,5.2,2624,5.050501193317423,0.9350512253332558,58.456566,26-28
Jonathan Isaac,jonathan isaac,28,ORL,PF,Power forward,52,521,11.5,12.4,0.9,0.085,-1.6,0.1,10449421,10449421,1,ORL,0.7,1090,-0.6550320392009047,0.1780305659492705,10.449421,26-28
Jamison Battle,jamison battle,24,TOR,SF,Small forward,61,517,10.6,14.1,0.9,0.086,-2.6,-0.1,2296271,NA,1,TOR,-2.3,1042,-2.4794446586964907,-0.06297583550459494,2.296271,23-25
Asa Newell,asa newell,20,ATL,PF,Power forward,44,500,14.2,17.1,1.2,0.113,-1.5,0.1,3399480,3399480,3,ATL,NA,NA,-1.5,0.06351626016260163,3.39948,22 and under
