date,productivity,comp_output,comp_consumer,wage_consumer,gap_total,w_deflator,w_pay_concept,w_labor_share
1964-01-01,77.79866874135547,77.26474222408785,80.99762822413282,85.88289766218423,-8.084228920828764,-3.732886000044971,-4.8852694380514095,0.5339265172676164
1964-04-01,78.22441217150761,77.89433566660222,81.76697302104952,86.43024173301771,-8.2058295615101,-3.8726373544473063,-4.663268711968186,0.3300765049053922
1964-07-01,79.03051521438451,78.54094000202133,82.65935369107619,87.26200274348422,-8.23148752909971,-4.1184136890548615,-4.602649052408026,0.489575212363178
1964-10-01,78.26763485477179,78.84563472222905,82.88319003854136,87.20259729054438,-8.93496243577259,-4.037555316312307,-4.319407252003018,-0.5779998674572653
1965-01-01,79.38926348547719,78.92047328849553,82.97361399347761,87.95100394951254,-8.561740464035353,-4.053140704982084,-4.977389956034926,0.4687901969816579
1965-04-01,79.75665629322269,79.32540205215173,82.99733175214944,88.40467481348186,-8.648018520259171,-3.6719296999977047,-5.407343061332426,0.43125424107095967
1965-07-01,81.37750691562933,79.84415697947291,83.62733471686926,88.8172141365315,-7.439707220902179,-3.7831777373963433,-5.1898794196622475,1.5333499361564122
1965-10-01,82.7887275242047,80.73148447648288,84.42336199229173,89.35402741324,-6.565299889035302,-3.691877515808855,-4.930665420948273,2.057243047721826
1966-01-01,83.91683955739973,81.90010024234607,85.0978357545212,89.18904217455305,-5.272202617153326,-3.1977355121751287,-4.0912064200318525,2.0167393150536554
1966-04-01,83.33549446749655,82.34341391413871,85.68188556181443,89.37494297133925,-6.039448503842706,-3.3384716476757177,-3.693057409524826,0.9920805533578374
1966-07-01,83.60995850622407,82.90358511582245,86.16513489475246,89.58499638717522,-5.975037880951149,-3.2615497789300036,-3.4198614924227684,0.7063733904016232
1966-10-01,84.12863070539419,83.05099646571331,86.61280758968279,89.82970299111365,-5.701072285719462,-3.561811123969477,-3.216895401430861,1.0776342396808758
1967-01-01,84.79426002766252,83.76839745430959,87.55558849688705,90.56773196690892,-5.773471939246406,-3.7871910425774615,-3.0121434700218686,1.0258625733529243
1967-04-01,85.1054633471646,84.64623929400828,88.43018084790988,90.66232351284764,-5.556860165683034,-3.783941553901599,-2.2321426649377543,0.4592240531563192
1967-07-01,85.53985131396958,85.06125204600043,88.73554699080937,91.02982126405013,-5.48996995008055,-3.674294944808935,-2.2942742732407595,0.47859926796914465
1967-10-01,85.78622060857538,85.40112847356745,88.97124221761044,91.29833586502322,-5.512115256447842,-3.5701137440429846,-2.327093647412781,0.3850921350079233
1968-01-01,87.70098547717843,86.78766333325501,90.46990809368515,91.65211898057903,-3.951133503400598,-3.6822447604301374,-1.182210886893884,0.9133221439234234
1968-04-01,88.52221645919778,87.24377908710028,91.05544026089535,92.3067682978493,-3.784551838651524,-3.8116611737950734,-1.2513280369539501,1.2784373720974997
1968-07-01,88.55679460580913,88.10673802725294,91.30299436703233,92.59305114638448,-4.036256540575351,-3.1962563397793815,-1.290056779352156,0.4500565785561861
1968-10-01,88.34500345781466,88.63059433290249,91.9759857693448,92.96091075035375,-4.615907292539092,-3.3453914364423127,-0.9849249810089447,-0.2855908750878342
1969-01-01,89.04737206085753,88.78768128684031,92.10643344203973,93.02104104085501,-3.973668979997484,-3.3187521551994195,-0.9146075988152802,0.25969077401721563
1969-04-01,88.31906984785616,89.21957430008158,92.14201008004744,93.03414046348566,-4.7150706156295,-2.9224357799658662,-0.8921303834382144,-0.9005044522254195
1969-07-01,88.40983748271093,89.92070218929759,92.50815297954344,93.21311564183793,-4.803278159127004,-2.5874507902458532,-0.7049626622944913,-1.5108647065866592
1969-10-01,87.96464384508991,90.71948845762897,92.86095463978654,93.50380246913579,-5.539158624045882,-2.141466182157572,-0.6428478293492503,-2.7548446125390598
1970-01-01,88.23694674965422,91.3809413221514,93.04328490957606,92.86794983960337,-4.6310030899491466,-1.6623435874246582,0.17533506997268944,-3.143994572497178
1970-04-01,89.52714384508991,91.46826021281572,93.20486214052772,92.96187325298878,-3.434729407898871,-1.7366019277120017,0.24298888753894232,-1.9411163677258116
1970-07-01,90.93188105117567,92.47789231157192,93.74295879039431,93.37030742900991,-2.438426377834247,-1.2650664788223906,0.37265136138439914,-1.5460112603962557
1970-10-01,90.09768326417705,92.04766032567356,93.301215535131945,93.10669036039407,-3.009007096217019,-1.2535552094583835,0.19452517473787623,-1.9499770614965115
1971-01-01,92.76668395573998,92.97517987654987,94.43522087162765,94.45892858191795,-1.692244626177967,-1.460040995077776,-0.023707710290295836,-0.2084959208098951
1971-04-01,93.03034232365145,93.21045848101528,94.94663504298845,94.9170113041081,-1.8866689804566477,-1.736176561973167,0.029623738880346195,-0.1801161573638268
1971-07-01,93.90992392807745,93.61466798308709,95.30240142306552,95.28950162283496,-1.379577694757515,-1.6877334399784303,0.01289980023055648,0.2952559449903589
1971-10-01,93.09517634854771,93.90700598137566,95.25644826563892,95.8880457693466,-2.792869420798894,-1.3494422842632616,-0.6315975037076811,-0.8118296328279513
1972-01-01,94.55178077455048,95.35596926526246,97.11680996145866,98.20034988334733,-3.648569108796849,-1.7608406961961975,-1.083539921888672,-0.8041884907119794
1972-04-01,96.41467842323652,96.09286627176101,97.62674177290246,98.84716880341881,-2.432490380182287,-1.533875501141452,-1.2204270305163476,0.32181215147551256
1972-07-01,96.96792876901797,96.7816209663959,98.13519122442929,99.32915323768987,-2.3612244686718924,-1.3535702580333862,-1.193962013260574,0.1863078026220677
1972-10-01,97.78699861687414,97.99316457019361,98.9638304180255,100.06720814330512,-2.28020952643098,-0.9706658478318815,-1.1033777252796284,-0.20616595331946996
1973-01-01,100,100,100,100,0,0,0,0
1973-04-01,100.03673928077457,100.28068506633817,99.3195967981026,99.16070289972974,0.8760363810448268,0.9610882682355708,0.1588938983728525,-0.24394578556359647
1973-07-01,99.09880705394191,100.71833620330271,99.08241921138452,98.90190145502648,0.19690559891543558,1.6359169919181937,0.1805177563580429,-1.619529149360801
1973-10-01,98.48288381742739,100.39988387233116,98.59027571894457,97.85029886525545,0.6325849521719391,1.8096081533865913,0.7399768536891145,-1.9170000549037667
1974-01-01,98.24515905947442,100.40982434029232,97.91135487696414,96.37019810508184,1.8749609543925772,2.4984694633281777,1.5411567718822994,-2.1646652808179
1974-04-01,97.95124481327801,99.38391757611001,97.83723688111475,96.04391235526232,1.9073324580156878,1.5466806949952598,1.7933245258524266,-1.4326727628319986
1974-07-01,96.9463174273859,99.24784133112531,97.9750963533946,95.54440975598662,1.401907671399286,1.27274497773071,2.430686597407984,-2.301523903739408
1974-10-01,97.81077109266943,98.96906449002208,97.65787133115921,94.55472246749507,3.2560486251743583,1.3111931588628636,3.1031488636641456,-1.1582933973526508
1975-01-01,98.53691217150761,98.70450054571137,98.46279276608362,93.78888834871994,4.7480238227876725,0.24170777962774537,4.673904417363687,-0.16758837420375983
1975-04-01,100.10157330567083,99.28162863859261,99.3536910761933,93.67157244964264,6.430000856028187,-0.07206243760069242,5.682118626550661,0.819944667078218
1975-07-01,101.32477524204702,99.51882051768274,99.12540764897719,93.39619126008644,7.9285839819605854,0.39341286870555336,5.729216388890748,1.805954724364284
1975-10-01,101.43499308437069,99.72054589325546,98.9282537800178,93.24433328932699,8.1906597950437,0.7922921132376644,5.683920490690809,1.7144471911152266
1976-01-01,102.93698132780084,100.48951991743166,99.69018677734955,93.70908809823538,9.227893229565453,0.799333140082112,5.981098679114169,2.447461410369172
1976-04-01,103.88355809128632,101.24489033317153,100.66113252297659,94.38548726030996,9.49807083097636,0.583757810194939,6.275645262666629,2.638667758114792
1976-07-01,104.1277662517289,101.94941117684276,101.15772309516753,94.5719087324672,9.555857519261707,0.7916880816752325,6.585814362700333,2.1783550748861416
1976-10-01,104.42600276625173,102.23995998944604,101.82923213756301,95.04454769851934,9.38145506773239,0.4107278518830242,6.784684439043673,2.1860427768056923
1977-01-01,105.1002766251729,102.73376990952171,101.8914912540765,94.94685101768435,10.153425607488543,0.8422786554452131,6.9446402363921464,2.366506715651184
1977-04-01,105.53034232365147,103.14899512084232,102.19092795730805,95.08256107506797,10.447781248583496,0.9580671635342668,7.108366882240077,2.3813472028091525
1977-07-01,106.6368430152144,103.79833314972764,102.75274236584642,95.34997281876393,11.286870196450465,1.0455907838812237,7.402769547082485,2.838509865486756
1977-10-01,105.27965076071924,103.7890515221324,103.01215535131932,95.67981524216296,9.599835518556276,0.7768961708130746,7.3323401091563625,1.4905992385868387
1978-01-01,105.34016251728909,105.31102286340857,104.13726652831309,95.91596249896931,9.42420001831978,1.1737563350954758,8.221304029343784,0.0291396538805202
1978-04-01,107.43430152143847,105.22659833455575,103.67032315446191,95.92506990369463,11.509231617743836,1.5562751800938344,7.745253250767277,2.207703186882725
1978-07-01,107.50129668049793,105.24282281504118,103.77557070856805,95.5156553211136,11.985641359384331,1.4672521064731257,8.259915387454456,2.25847386545675
1978-10-01,108.20798755186722,105.75374800030663,104.31218499851765,95.392768175583,12.815219376284219,1.4415630017889782,8.91941682293465,2.4542395515605904
1979-01-01,107.2246715076072,106.72850187000657,104.58790394307741,94.89186469706702,12.332806810540177,2.1405979269291606,9.696039246010386,0.49616963760063015
1979-04-01,107.02584716459198,106.20622341046044,104.1728431663208,93.30736590932669,13.718481255265289,2.033380244139636,10.865477256994112,0.8196237541315412
1979-07-01,106.89617911479945,106.34093425929416,103.72665283130746,92.26969529457094,14.626483820228515,2.614281427986697,11.456957536736525,0.5552448555052933
1979-10-01,106.77083333333334,106.94874731384277,103.74444115031132,90.9757118132429,15.795121520090447,3.204306163531456,12.768729337068422,-0.1779139805094303
1980-01-01,107.27653872752423,107.21263397080362,103.37385117106435,89.13569624690297,18.14084248062126,3.8387827997392776,14.238154924161378,0.06390475672060347
1980-04-01,106.15923236514523,107.07001785745136,103.62436999703529,88.04672620396813,18.112506161177095,3.4456478604160736,15.577643793067153,-0.9107854923061325
1980-07-01,106.57849239280776,108.07711871234433,103.74147643047732,88.21229056079817,18.366201832009594,4.33564228186701,15.529185869679154,-1.4986263195365694
1980-10-01,107.66122060857538,108.58175561668794,104.04832493329381,87.91714008818735,19.744080520388025,4.53343068339413,16.13118484510646,-0.9205350081125658
1981-01-01,109.31881051175658,107.9610724707215,103.76667654906613,87.36410002396606,21.95471048779052,4.194395921655371,16.402576525100073,1.357738041035077
1981-04-01,107.90542876901799,107.63527147613377,103.62436999703529,87.23632801352528,20.669100755492707,4.010901479098479,16.388041983510007,0.2701572928842211
1981-07-01,108.91467842323651,107.77010849066873,103.81855914616071,86.48487006375888,22.429808359477633,3.951549344508024,17.333689082401833,1.1445699325677765
1981-10-01,107.75847164591978,107.5665312927144,103.72665283130746,86.34785435450915,21.41061729141063,3.83987846140694,17.37879847679831,0.19194035320538205
1982-01-01,107.21818810511756,108.99891853930512,105.16898903053664,86.8230339571425,20.395154147975063,3.829929508768487,18.345955073394137,-1.7807304341875607
1982-04-01,107.24844398340248,108.45166532720226,104.87399940705605,86.58276179556064,20.66568218784184,3.5776659201462166,18.291237611495404,-1.2032213437997825
1982-07-01,107.46023513139696,108.82495212869904,104.69463385710051,86.30245566889256,21.157779462504394,4.130318271598526,18.39217818820795,-1.3647169973020823
1982-10-01,108.40465076071924,109.24217465205831,105.07708271568339,86.58056849902296,21.824082261696276,4.165091936374921,18.49651421666043,-0.8375238913390746
1983-01-01,109.87854426002767,109.95177504868454,105.53809664986659,87.60560342655583,22.272940833471836,4.41367839881795,17.932493223310757,-0.07323078865687194
1983-04-01,112.28388658367912,110.50387035011417,105.28313074414469,87.46181990449793,24.82206667918119,5.220739605969484,17.821310839646756,1.7800162335649503
1983-07-01,112.55186721991701,109.25706343714236,104.85028164838424,87.3599462266129,25.19192099330411,4.406781788758124,17.490335421771334,3.2948037827746504
1983-10-01,113.20020746887967,109.95727848846242,105.08004743551736,87.4417359661013,25.758471502778363,4.8772310529450635,17.638311469416053,3.242928980417247
1984-01-01,113.74697441217151,111.018723651499,104.8547287281352,86.94505701446558,26.801917397705935,6.163994923363802,17.909671713669624,2.728250760672509
1984-04-01,114.38018672199172,111.17463840843114,105.00592943966797,86.85135802469138,27.52882869730034,6.16870896876317,18.154571414976587,3.205548313560584
1984-07-01,114.86211964038728,111.83212629861245,105.70115624073526,86.71329643820064,28.148823202186634,6.130970057877192,18.987859802534615,3.0299933417748264
1984-10-01,114.9896265560166,112.15919161216719,105.6729914023125,86.57759487882946,28.412031677187144,6.486200209854687,19.095396523483046,2.8304349438494114
1985-01-01,115.3570193637621,112.33075843013384,106.09546397865404,86.38969137487024,28.967327988891867,6.2352944514798025,19.7057726037838,3.026260933628265
1985-04-01,115.7200899031812,112.72115262041079,106.17106433442041,86.30506801101053,29.41502189217067,6.550088285990384,19.865996323409874,2.998937282770413
1985-07-01,117.19398340248964,113.55761769852039,107.07085680403203,86.36240918088308,30.83157422160656,6.486760894488356,20.708447623148956,3.636365703969247
1985-10-01,117.66294951590595,115.44726907585408,108.07293210791582,85.97826707441388,31.684682441492072,7.374336967938262,22.09466503350194,2.2156804400518695
1986-01-01,119.05688105117567,116.49815502999078,109.09427809072044,86.01821964282072,33.03866140835494,7.403876939270347,23.07605844789971,2.5587260211848815
1986-04-01,119.99049100968188,117.75320273406457,110.92795730803438,86.73185703320311,33.25863397647876,6.825245426030193,24.196100274831267,2.2372882756173027
1986-07-01,120.50267980636238,119.05467686551583,111.69137266528314,86.49508536187356,34.00759444448882,7.36330420023269,25.196287303409576,1.4480029408465498
1986-10-01,120.24334370677734,120.17665372621005,112.4533056626149,86.47164725022066,33.77169645655668,7.723348063595154,25.98165841239424,0.06668998056728981
1987-01-01,119.67496542185339,119.998002513657,111.67506670619626,86.01087700700104,33.664088414852344,8.322935807460738,25.66418969919522,-0.32303709180361295
1987-04-01,120.4810684647303,120.20767400324313,111.30002964719836,85.51693429450276,34.96413417022754,8.90764435604477,25.783095352695597,0.2733944614871717
1987-07-01,120.50700207468881,120.49806565681105,111.34598280462498,85.17678597030758,35.330216104381236,9.15208285218607,26.169196834317404,0.008936417877762892
1987-10-01,121.71291493775935,121.5628713885171,111.77586718055144,85.31079676637901,36.40211817138034,9.787004207965651,26.46507041417243,0.15004354924225538
1988-01-01,122.17539764868604,122.87225982829564,112.99881411206641,85.0158892212354,37.159508427450646,9.873445716229227,27.982924890831015,-0.696862179609596
1988-04-01,122.50605117565699,123.25882310044861,113.17373258227099,84.86463668155812,37.64141449409887,10.085090518177623,28.30909590071286,-0.7527719247916167
1988-07-01,122.76538727524203,123.26997530947261,113.26860361695822,84.55701006328458,38.208377211957455,10.001371692514397,28.711593553673637,-0.5045880342305793
1988-10-01,122.9015387275242,122.62763399269657,113.08330862733473,84.61482918218857,38.286709545335626,9.544325365361843,28.46847944514616,0.27390473482762445
1989-01-01,123.11332987551867,122.48852377185638,112.2561517936555,84.53745281469041,38.57587706082826,10.232371978200874,27.718698978965094,0.6248061036622943
1989-04-01,123.46991701244814,121.46216357222052,111.03616958197452,83.79474975367658,39.67516725877155,10.425993990245999,27.241419828297936,2.007753440227617
1989-07-01,124.0447786998617,121.68342640721661,111.24221761043582,83.9119196242792,40.1328590755825,10.4412087967808,27.330297986156623,2.36135229264508
1989-10-01,124.05774550484095,122.79054993398809,111.83516157723098,83.91142639590075,40.146319108940205,10.955388356757112,27.92373518133023,1.2671955708528628
1990-01-01,125.20746887966806,123.96602986370954,112.19833975689298,83.57072101299502,41.63674786667303,11.76769010681656,28.627618743897955,1.2414390159585196
1990-04-01,126.07624481327801,125.1473414680203,113.34568633264156,83.4914076747539,42.58483713852411,11.801655135378738,29.85427865788766,0.9289033452577087
1990-07-01,126.49334370677731,125.74728674545959,113.00177883190038,82.72024867626986,43.77309503050745,12.745507913559209,30.28153015563052,0.7460569613177199
1990-10-01,125.17721300138312,125.54511002063053,112.10643344203973,81.97422328321579,43.20298971816733,13.438676578590801,30.132210158823938,-0.36789701924740825
1991-01-01,125.56405601659752,125.12877626885701,112.16572783871925,81.91785786295817,43.64619815363935,12.96304843013776,30.247869975761077,0.43527974774050904
1991-04-01,127.60848893499309,126.86566747049021,113.7948413874889,82.21822620257835,45.39026273241474,13.070826083001307,31.57661518491055,0.7428214645028817
1991-07-01,128.70202282157675,127.54861152014722,114.4648680699674,82.14096849411638,46.56105432746037,13.083743450179824,32.323899575851016,1.1534113014295286
1991-10-01,129.31362378976485,128.811306702418,115.15416543136676,81.85099763157793,47.46262615818692,13.65714127105123,33.30316779978884,0.502317087346853
1992-01-01,131.86808437067774,131.8858170053938,117.5274236584643,81.68281290634363,50.18527146433411,14.358393346929489,35.84461075212067,-0.017732634716054463
1992-04-01,132.96810165975103,132.54902310197116,117.80462496294102,81.6679959213219,51.300105738429124,14.744398139030139,36.136629041619116,0.41907855777986924
1992-07-01,134.18049792531122,133.4355907849256,118.42869848799289,81.57735865600449,52.60313926930672,15.006892296932719,36.8513398319884,0.7449071403856067
1992-10-01,134.9563450899032,133.11224878689785,118.1485324636822,81.31803659260895,53.63830849729426,14.96371632321565,36.83049587107325,1.844096303005358
1993-01-01,133.80878284923926,131.2286486454138,116.709160984287,81.39874031220977,52.4100425370295,14.519487661126817,35.31042067207723,2.5801342038254518
1993-04-01,133.01996887966806,131.45498983064147,116.71212570412096,81.18390520985942,51.83606366980864,14.742864126520502,35.52822049426155,1.56497904902659
1993-07-01,133.62508644536655,131.15144161191083,116.31930032611919,81.25023888961803,52.37484755574852,14.832141285791636,35.06906143650116,2.4736448334557224
1993-10-01,134.13727524204702,131.37468755783667,116.36228876371185,81.1646248133034,52.97265042874362,15.01239879412482,35.19766395040844,2.7625876842103594
1994-01-01,134.50899031811895,130.15085839624012,115.35428402016011,81.33851565721596,53.17047466090298,14.796574376080017,34.015768362944144,4.358131921878822
1994-04-01,134.63649723374826,130.64831604452746,115.70263860065224,81.3113868728093,53.325110360938965,14.945677443875226,34.39125172784294,3.9881811892207963
1994-07-01,133.87577800829877,129.79846003961822,114.79246961162171,81.06441144524871,52.81136656305006,15.005990427996508,33.728058166373,4.077317968680546
1994-10-01,135.28915975103735,130.1427052276101,115.15564779128373,81.23364795373094,54.05551179730641,14.987057436326367,33.92199983755279,5.146454523427252
1995-01-01,135.37776625172893,130.36513680719557,115.13044767269494,81.13436190669782,54.24340434503111,15.234689134500627,33.99608576599712,5.01262944453336
1995-04-01,136.0109785615491,130.88817381203975,115.20308330862734,80.9656528761942,55.04532568535491,15.685090503412411,34.23743043243314,5.122804749509356
1995-07-01,136.00017289073307,131.17264314169006,115.31426030240142,81.32399769443737,54.6761751962957,15.858382839288637,33.990262607964056,4.827529749043009
1995-10-01,136.74360304287688,131.90895429255855,115.66854432256153,81.43629806340715,55.307304979469734,16.240409969997017,34.23224625915438,4.834648750318337
1996-01-01,137.59076763485476,132.92056741160397,116.03913430180849,81.33508677690656,56.25568085794819,16.88143310979548,34.704047524901924,4.670200223250788
1996-04-01,138.92634854771785,133.6268808695881,116.1236288170768,81.45711692084241,57.46923162687544,17.503252052511286,34.6665118962344,5.2994676781297585
1996-07-01,139.44069847856156,134.18644411572504,116.41120664097244,81.66654423018059,57.77415424838097,17.7752374747526,34.74466241079185,5.2542543628365195
1996-10-01,139.58117219917014,134.28843680657823,116.17699377408836,81.69957937374392,57.881592825426225,18.111443032489873,34.47741440034444,5.292735392591908
1997-01-01,139.2786134163209,135.0285200710949,116.83960865698191,82.00392366038984,57.27468975593105,18.188911414112994,34.835684996592065,4.2500933452259915
1997-04-01,141.33601313969572,135.81398977440313,117.61932997331753,82.54632561728394,58.78968752241178,18.194659801085592,35.07300435603359,5.522023365292597
1997-07-01,142.47276970954357,136.6640944243437,118.26563889712423,82.9946686321479,59.478101077395664,18.398455527219454,35.27097026497633,5.808675285199882
1997-10-01,143.16649377593362,138.81132170665023,119.82211680996146,83.53544135495102,59.6310524209826,18.989204896688776,36.28667545501044,4.355172069283384
1998-01-01,144.49126901798064,141.54913046800166,121.65579602727543,84.15079865874105,60.34047035923959,19.893334440726235,37.504997368534376,2.942138549978978
1998-04-01,145.219571230982,143.20189239880668,122.83871924103174,84.72470206050465,60.49486917047736,20.363173157774938,38.114017180527085,2.017678832175335
1998-07-01,147.18188105117565,145.0894967188202,124.26623184109103,84.94257910708808,62.23930194408757,20.82326487772916,39.32365273400295,2.092384332355465
1998-10-01,148.3143153526971,145.9835637771377,124.44707975096355,85.25826052088291,63.05605483181418,21.53648402617415,39.18881923008064,2.3307515755593897
1999-01-01,150.36955394190872,148.4957749363764,126.20515861251114,85.7862401058563,64.58331383605243,22.29061632386525,40.41891850665485,1.8737790055323273
1999-04-01,150.92064315352698,148.66030261033185,125.81085087459238,85.91665738696975,65.00398576655724,22.84945173573948,39.89419348762263,2.2603405431951273
1999-07-01,152.2929633471646,149.46704514549955,125.91906314853247,86.10921347982753,66.18374986733707,23.54798199696708,39.80984966870494,2.825918201665047
1999-10-01,154.55567081604428,151.74836457993737,127.51260005929441,86.23586636236573,68.31980445367856,24.23576452064296,41.27673369692869,2.8073062361069105
2000-01-01,153.92029737206087,156.05203421186937,130.66854432256153,86.20280009580424,67.71749727625664,25.38348988930784,44.465744226757295,-2.1317368398084966
2000-04-01,157.02152489626556,155.87473231039132,129.99703528016605,86.33825992417009,70.68326497209547,25.877697030225278,43.65877535599596,1.1467925858742376
2000-07-01,156.87024550484097,157.90684159549815,131.30151200711532,86.41608649111541,70.45415901372556,26.60532958838283,44.88542551599991,-1.0365960906571843
2000-10-01,158.5256742738589,158.33321072639094,131.1488289356656,86.78028775572487,71.74538651813403,27.184381790725354,44.36854117994072,0.1924635474679519
2001-01-01,157.63312586445366,160.94645580470248,132.7942484435221,86.74315232420216,70.8899735402515,28.152207361180388,46.051096119319936,-3.3133299402488205
2001-04-01,160.34102697095437,160.92942847641896,132.3940112659354,86.91915741906426,73.42186955189011,28.53541721048356,45.47485384687114,-0.5884015054645886
2001-07-01,161.24438105117568,160.9327575813446,132.16424547880226,87.27266573271163,73.97171531846405,28.76851210254233,44.89157974609063,0.31162346983109046
2001-10-01,163.28449170124483,162.12785912343637,133.5472872813519,88.05639784385326,75.22809385739157,28.580571842084453,45.49088943749865,1.156632577808466
2002-01-01,166.70556708160444,162.90490486967508,133.66735843462791,88.25337695403456,78.45219012756988,29.237546435047165,45.41398148059335,3.800662211929364
2002-04-01,166.9670643153527,163.5921947923909,133.80818262674177,88.09777264323226,78.86929167212044,29.78401216564913,45.71040998350951,3.374869522961802
2002-07-01,168.24861687413556,164.02757716035336,133.77853542840205,88.39166660337585,79.85695027075971,30.24904173195131,45.3868688250262,4.221039713782204
2002-10-01,168.02602005532503,163.75944444405306,133.3056626148829,88.75016562935755,79.27585442596748,30.45378182917017,44.55549698552534,4.266575611271975
2003-01-01,169.67280428769018,164.04088577252273,132.7408834865105,88.3680485071866,81.30475578050358,31.300002286012216,44.37283497932391,5.631918515167456
2003-04-01,171.90741701244815,166.56113333074327,135.27868366439372,88.91914968458894,82.9882673278592,31.28244966634955,46.35953397980478,5.346283681704875
2003-07-01,175.68940179806364,168.51069534994335,136.29854728728137,88.77907350743921,86.91032829062443,32.21214806266198,47.51947377984216,7.178706448120295
2003-10-01,177.35995850622405,170.33478896238202,137.6964126890009,88.67296804239434,88.6869904638297,32.63837627338111,49.02344464660656,7.025169543842026
2004-01-01,176.83480290456433,168.4243433800936,136.23925289060185,88.38401740429951,88.45078550026481,32.185090489491756,47.855235486302334,8.410459524470724
2004-04-01,178.67825034578146,170.8131548690648,137.78090720426923,88.25963304070518,90.41861730507628,33.03224766479556,49.521274163564044,7.865095476716675
2004-07-01,179.50596473029046,172.84070344563617,139.44707975096355,88.2614430780338,91.24452165225665,33.39362369467261,51.185636672929746,6.665261284654292
2004-10-01,180.30990663900417,171.89822386341527,138.48947524458939,87.93461047254152,92.37529616646265,33.40874861882588,50.554864772047864,8.4116827755889
2005-01-01,182.23547717842322,171.46177637123378,138.64215831603917,87.98969331191593,94.2457838665073,32.81961805519461,50.65246500412324,10.773700807189442
2005-04-01,182.07339211618256,171.27845198143768,138.6110287577824,88.00256670687187,94.07082540931069,32.66742322365528,50.60846205091053,10.794940134744877
2005-07-01,183.31820539419087,171.8327337537628,138.34716869255857,87.39228740439322,95.92591798979765,33.48556506120423,50.95488128816535,11.485471640428074
2005-10-01,183.33765560165975,171.30282617390344,137.87429587903944,87.33466587254348,96.00298972911627,33.428530294864004,50.539630006495955,12.034829427756307
2006-01-01,184.59543568464733,173.50709078033762,139.73910465461014,87.78751421922139,96.80792146542593,33.767986125727475,51.95159043538875,11.088344904309707
2006-04-01,184.3922890733057,172.24054115354852,138.70441743255265,88.00546194180855,96.38682713149716,33.536123720995874,50.6989554907441,12.151747919757184
2006-07-01,184.0357019363762,171.87652433828245,137.80166024310705,87.9669276512596,96.0687742851166,34.0748640951754,49.834732591847455,12.159177598093748
2006-10-01,185.22648686030428,174.4689420462502,140.55143788911948,89.2222679236826,96.00421893662168,33.91750415713071,51.32916996543689,10.757544814054086
2007-01-01,185.8877939142462,177.179045743749,142.3762229469315,89.23996281015032,96.64783110409589,34.80282279681748,53.13626013678119,8.708748170497216
2007-04-01,186.4453665283541,175.83403611080956,140.69819152090128,89.16619122619191,97.27917530216219,35.13584458990829,51.53200029470936,10.611330417544536
2007-07-01,188.08350622406638,175.93180335650115,140.43136673584348,89.42288927444831,98.66061694961807,35.500436620657666,51.008477461395174,12.151702867565234
2007-10-01,189.56604426002764,177.7219369848183,140.42099021642454,88.995376455525,100.57066780450263,37.30094676839377,51.42561376089954,11.844107275209325
2008-01-01,188.31258644536655,178.97747313387018,140.21790690779721,88.89067601542733,99.42191042993922,38.75956622607296,51.32723089236988,9.335113311496372
2008-04-01,190.52126556016597,178.56043467179902,138.64808775570708,88.63646741447099,101.88479814569499,39.912346916091934,50.011620341236096,11.960830888366957
2008-07-01,190.98807053941908,178.87920640126222,137.96471983397572,88.16456422733162,102.82350631208746,40.9144865672865,49.8001556066441,12.10886413815686
2008-10-01,189.9658540802213,181.1622883477308,143.03142603024014,91.02587154926267,98.93998253095863,38.13086231749065,52.005554480977466,8.803565732490512
2009-01-01,192.12698824343016,176.16450335979317,140.14675363178182,92.25671580918673,99.87027243424343,36.01774972801135,47.89003782259509,15.96248488363699
2009-04-01,196.54002420470263,181.8182424701762,143.0951675066706,92.26653510709771,104.27348909760492,38.72307496350558,50.828632399572896,14.721781734526445
2009-07-01,199.67150760719224,183.06288480714701,143.01808479098727,92.02221034343901,107.64929726375323,40.04480001615974,50.99587444754826,16.608622800045225
2009-10-01,202.37724757952978,183.66514134038783,142.56003557663803,91.99275175588743,110.38449582364235,41.105105763749805,50.5672838207506,18.712106239141946
2010-01-01,202.59119986168741,181.0103447559945,140.9516750667062,92.384860501562585,110.20633936012483,40.05866968928831,48.566814565143616,21.580855105692905
2010-04-01,203.26547372060858,182.33553280652924,142.6993774088349,92.90657941736114,110.35889430324744,39.63615539769435,49.79279799147375,20.92994091407934
2010-07-01,204.57944329183954,183.1245226150886,143.13222650459534,93.07381994798064,111.5056233438589,39.99229611049327,50.0584065566147,21.45492067675093
2010-10-01,205.2277835408022,182.7942104829411,142.4518233026979,92.95481769979452,112.27296584100768,40.34238718024321,49.497005602903386,22.433573057861082
2011-01-01,203.71282849239282,185.35159073001566,143.6125111176994,92.40380006987826,111.30902842251456,41.73907961231626,51.20871104782114,18.361237762377158
2011-04-01,203.84033540802216,182.59353615660672,140.74859175807887,91.74376064045713,112.09657476756503,41.84494439852784,49.00483111762175,21.24679925141544
2011-07-01,203.4642980636238,183.0200981106777,140.95463978654018,91.57221170534862,111.89208635827518,42.06545832413752,49.38242808119156,20.444199952946093
2011-10-01,204.44329183955742,179.74016714892613,138.24043877853546,91.53763399289656,112.90565784666086,41.49972837039067,46.702804785638904,24.703124690631284
2012-01-01,205.47415283540803,183.26435292807645,140.733768158909,91.2110180775744,114.26313475783364,42.53058476916746,49.52275008133459,22.209799907331586
2012-04-01,206.54391424619644,183.37476617931537,141.1621701749185,91.43681952759142,115.10709471860501,42.212596004396886,49.72535064732706,23.169148066881064
2012-07-01,205.93663554633474,182.44136225882082,140.50252001185888,91.34947127431789,114.58716427201685,41.93884224696194,49.153048737540985,23.495273287513925
2012-10-01,205.16078838174275,186.50362141890733,143.13370886451233,91.11357737618532,114.04721100555743,43.369912554395,52.02013148832701,18.65716696283542
2013-01-01,206.16571576763488,183.38963066710502,140.39430773791878,91.38917228801388,114.776543479621,42.995322929186244,49.0051354499049,22.776085100529855
2013-04-01,205.65352697095437,184.2620154247235,141.48532463682184,91.90132182215615,113.75220514879823,42.77669078790166,49.584002814665695,21.391511546230873
2013-07-01,207.11661479944678,182.92816240792618,140.38837829825084,91.90793817106147,115.2086766283853,42.53978410967534,48.48044012718937,24.1884523915206
2013-10-01,209.11350276625174,183.32363643246282,140.9887340646309,92.11372915658677,116.99977360966497,42.334902367831916,48.87500490804413,25.789866333788922
2014-01-01,207.3759508990318,186.3071682859411,142.77349540468427,92.31036073258682,115.06559016644499,43.53367288125682,50.46313467209745,21.06878261309072
2014-04-01,208.7201763485477,184.38820225700883,141.21701749184703,92.1816971316279,116.53847921691981,43.1711847651618,49.03532036021913,24.331974091538882
2014-07-01,210.50743430152144,184.5652637398473,141.60094871034687,92.34915171869334,118.15828258282811,42.964315029500426,49.251796991653535,25.942170561674146
2014-10-01,209.79209889349931,186.69979655323533,143.48502816483844,92.98284734026521,116.8092515532341,43.21476838839689,50.50218082457323,23.092302340263984
2015-01-01,211.0066562932227,189.02445964409463,146.06878150014825,94.13025398196737,116.87640231125533,42.955678143946386,51.93852751818088,21.98219664912807
2015-04-01,212.04400069156296,189.6490665935093,146.35487696412687,94.03076937504689,118.01323131651607,43.29418962938243,52.324107589079986,22.394934098053653
2015-07-01,212.63831258644535,190.46333749366624,146.69137266528313,94.16834148618919,118.46997110025616,43.77196482838312,52.523031179093934,22.174975092779107
2015-10-01,211.33082641770403,190.22821363624598,146.40083012155353,94.7562468475531,116.57457957015093,43.82738351469246,51.644583274000425,21.10261278145805
2016-01-01,212.2341804979253,190.53731843140014,146.5372072339164,95.39638813224606,116.83779236567925,44.00011119748373,51.140819101670346,21.69686206652517
2016-04-01,212.36817081604426,189.7934556832443,145.89089831010972,95.30470211714561,117.06346869889865,43.902557373134584,50.58619619296411,22.574715132799952
2016-07-01,213.09431189488242,190.15433618525006,145.89682774977766,95.38763765531898,117.70667423956344,44.2575084354724,50.509190094458674,22.939975709632364
2016-10-01,214.53794951590595,191.38096541783128,146.5624073525052,95.3561606154306,119.18178890047535,44.81855806532607,51.20624673707461,23.156984098074673
2017-01-01,214.8858921161826,192.553306111661,146.9789504891788,95.21269827961267,119.67319383656992,45.57435562248219,51.76625220956613,22.332586004521602
2017-04-01,215.00043222683266,193.3883815897825,147.71568336792174,95.6689323000427,119.33149992678996,45.67269822186077,52.04675106787904,21.612050637050146
2017-07-01,216.7487897648686,194.88542014552849,148.90601838126298,95.82022611255036,120.92856365231825,45.9794017642655,53.08579226871262,21.86336961934012
2017-10-01,218.34154564315355,196.4495508774379,149.71835161577232,95.53683315491777,122.80471248823578,46.73119926166558,54.18151846085455,21.89199476571565
2018-01-01,219.05039764868604,196.5019466190895,149.35369107619331,95.54800124109425,123.50239640759179,47.14825554289618,53.80568983509906,22.54845102959655
2018-04-01,219.07633125864456,196.06424458605935,149.3299733175215,95.7937304010702,123.28260085757435,46.73427126853784,53.5362429164513,23.012086672585212
2018-07-01,219.7181881051176,197.17111420544074,150.14082419211385,96.17036434679584,123.54782375832177,47.03029001332689,53.97045984531802,22.54707389967686
2018-10-01,219.32486168741357,197.1803663168184,150.04150607767568,96.70530300287876,122.61955868453481,47.13886023914273,53.33620307479691,22.144495370595166
2019-01-01,221.1704702627939,201.40485173163358,153.2078268603617,97.28636337104577,123.88410689174815,48.19702487127188,55.92146348931594,19.765618531160328
2019-04-01,222.53414591977872,200.2685927399689,152.09605692262082,97.40961151790661,125.12453440187211,48.17253581734809,54.686445404714206,22.265553179809814
2019-07-01,225.03673928077455,200.0822180111322,151.64393714793957,97.96065112201299,127.07608815876156,48.43828086319263,53.68328602592658,24.954521269642356
2019-10-01,227.14168395573998,203.26525875602158,153.17817966202196,98.10132238475808,129.0403615709819,50.08707909399962,55.07685727726388,23.876425199718398
2020-01-01,226.22536307053943,207.6690972855595,156.221464571598,98.61094630680466,127.61441676373477,51.4476327139615,57.61051826479334,18.556265784979928
2020-04-01,237.23201936376213,222.11295146434114,166.85739697598578,103.521389472232,133.71062989153012,55.25555448835536,63.33600750375378,15.119067899420997
2020-07-01,240.94700899031812,216.519541562,162.5037058997925,101.53148771571077,139.41552127460736,54.01583566220751,60.972218184081726,24.427467428318124
2020-10-01,239.0192773167358,220.78840262797638,165.48621405277203,101.65891479905954,137.36036251767626,55.302188575204354,63.82729925371248,18.230874688759428
2021-01-01,240.7373789764869,217.62145275559158,163.88971242217613,101.72523166345412,139.01214731303276,53.731740333415445,62.16448075872201,23.115926220895318
2021-04-01,241.23876210235133,217.67705950254086,163.38274533056628,101.56575757784721,139.6730045245041,54.29431417197458,61.81698775271907,23.561702599810474
2021-07-01,239.7735131396957,217.06718945428156,162.93359027571896,101.763933856519,138.0095792831767,54.133599178562605,61.16965641919995,22.706323685414134
2021-10-01,241.13502766251733,215.7533564434629,161.76104358138156,101.34850450949807,139.78652315301926,53.99231286208135,60.41253907188349,25.381671219054425
2022-01-01,238.1051175656985,212.0727928930671,158.98754817669732,100.6579055357483,137.4472120299502,53.08524471636977,58.32964264094902,26.032324672631404
2022-04-01,236.34163208852007,207.06013702829583,155.4639786540172,99.83945388665244,136.50217820186765,51.596158374278616,55.624524767364775,29.281495060224245
2022-07-01,236.4777835408022,208.59827520766473,156.17847613400536,99.83381284391373,136.64397069688846,52.41979907365936,56.34466329009163,27.879508333137466
2022-10-01,237.82633125864453,207.08016313556408,154.759857693448,100.04652487633109,137.77980638231344,52.32030544211608,54.71333281711691,30.74616812308045
2023-01-01,238.36877593360995,206.81364560797593,154.57159798399053,100.2825198578831,138.08625607572685,52.2420476239854,54.28907812610743,31.555130325634025
2023-04-01,240.75899031811895,209.22028169114688,155.92943966795139,100.82669962341768,139.93229069470127,53.290842023195495,55.102740044533704,31.538708626972067
2023-07-01,243.7456777316736,210.8117390093399,156.97598576934482,100.97995857109203,142.76571916058157,53.835753239995086,55.99602719825279,32.93393872233369
2023-10-01,246.11211964038728,212.80232029625108,157.8535428402016,101.2569771543149,144.8551424860724,54.94877745604947,56.596565685886716,33.309799344136195
2024-01-01,246.2547544951591,214.38171798018627,158.6466053957901,101.40185936835273,144.85289512680635,55.73511258439618,57.24474602743736,31.873036514972824
2024-04-01,248.5088174273859,215.7169505802972,159.43966795137862,101.67910083301521,146.8297165943707,56.277282628918584,57.76056711836341,32.7918668470887
2024-07-01,250.76720262793916,217.80107006050835,160.8064037948414,102.39106256176112,148.37614006617804,56.99466626566695,58.415341233080284,32.966132567430805
2024-10-01,251.65326763485479,219.210737928138,161.25259412985474,102.60005409530976,149.05321353954503,57.95814379828326,58.652540034544984,32.44252970671678
2025-01-01,251.09569502074686,220.82546840595882,162.26652831307442,102.77043645100613,148.32525856974073,58.5589400928844,59.49609186206828,30.270226614788044
2025-04-01,253.6847337482711,220.487398216536,162.07678624369998,103.34412395848993,150.34060978978118,58.41061197283602,58.732662285210054,33.19733553173509
2025-07-01,256.92427385892114,221.63055697511717,163.293803735547,103.48155443226626,153.4427194266549,58.336753239570186,59.81224930328072,35.29371688380397
2025-10-01,257.9313623789765,221.86946761206443,163.78001778831901,103.69316190220698,154.2382004767695,58.08944982374541,60.08685588611203,36.06189476691205
2026-01-01,258.45867911479945,220.26974744772699,163.2211680996146,103.72388563836253,154.73479347643692,57.04857934811238,59.49728246125207,38.18893166707247
2026-04-01,259.3728388658368,217.79299212775535,161.87073821523867,103.10005288860194,156.27278597723486,55.92225391251668,58.77068532663674,41.57984673808144
